"year";"species";"region";"area";"code";"sample";"N.sqmeter"
2002;"Cerastoderma edule";"East Murman";"DZ";"DZ";"II";0
2002;"Cerastoderma edule";"East Murman";"DZ";"DZ";"M-1";0
2002;"Cerastoderma edule";"East Murman";"DZ";"DZ";"M-2";0
2002;"Cerastoderma edule";"East Murman";"DZ";"DZ";"M-3";0
2002;"Cerastoderma edule";"East Murman";"DZ";"DZ";"M-4";0
2002;"Cerastoderma edule";"East Murman";"DZ";"DZ";"M-5";0
2002;"Cerastoderma edule";"East Murman";"DZ";"DZ";"VI";40
2002;"Cerastoderma edule";"East Murman";"DZ";"DZ";"M-17";20
2002;"Cerastoderma edule";"East Murman";"DZ";"DZ";"M-18";50
2002;"Cerastoderma edule";"East Murman";"DZ";"DZ";"M-19";20
2002;"Cerastoderma edule";"East Murman";"DZ";"DZ";"III";10
2002;"Cerastoderma edule";"East Murman";"DZ";"DZ";"M-13";30
2002;"Cerastoderma edule";"East Murman";"DZ";"DZ";"M-14";10
2002;"Cerastoderma edule";"East Murman";"DZ";"DZ";"M-15";20
2002;"Cerastoderma edule";"East Murman";"DZ";"DZ";"M-16";20
2002;"Cerastoderma edule";"East Murman";"DZ";"DZ";"IV";0
2002;"Cerastoderma edule";"East Murman";"DZ";"DZ";"M-23";"NA"
2002;"Cerastoderma edule";"East Murman";"DZ";"DZ";"M-24";"NA"
2002;"Cerastoderma edule";"East Murman";"DZ";"DZ";"M-25";"NA"
2002;"Cerastoderma edule";"East Murman";"DZ";"DZ";"VII";30
2002;"Cerastoderma edule";"East Murman";"DZ";"DZ";"M-20";"NA"
2002;"Cerastoderma edule";"East Murman";"DZ";"DZ";"M-21";"NA"
2002;"Cerastoderma edule";"East Murman";"DZ";"DZ";"M-22";"NA"
2002;"Cerastoderma edule";"East Murman";"DZ";"DZ";"I";0
2002;"Cerastoderma edule";"East Murman";"DZ";"DZ";"M-9";40
2002;"Cerastoderma edule";"East Murman";"DZ";"DZ";"M-10";60
2002;"Cerastoderma edule";"East Murman";"DZ";"DZ";"M-11";10
2002;"Cerastoderma edule";"East Murman";"DZ";"DZ";"VIII";0
2002;"Cerastoderma edule";"East Murman";"DZ";"DZ";"M-6";0
2002;"Cerastoderma edule";"East Murman";"DZ";"DZ";"M-7";0
2002;"Cerastoderma edule";"East Murman";"DZ";"DZ";"M-8";0
2003;"Cerastoderma edule";"East Murman";"DZ";"DZ";"II";10
2003;"Cerastoderma edule";"East Murman";"DZ";"DZ";"M-1";0
2003;"Cerastoderma edule";"East Murman";"DZ";"DZ";"M-2";10
2003;"Cerastoderma edule";"East Murman";"DZ";"DZ";"M-3";0
2003;"Cerastoderma edule";"East Murman";"DZ";"DZ";"M-4";0
2003;"Cerastoderma edule";"East Murman";"DZ";"DZ";"M-5";0
2003;"Cerastoderma edule";"East Murman";"DZ";"DZ";"VI";10
2003;"Cerastoderma edule";"East Murman";"DZ";"DZ";"M-17";0
2003;"Cerastoderma edule";"East Murman";"DZ";"DZ";"M-18";10
2003;"Cerastoderma edule";"East Murman";"DZ";"DZ";"M-19";0
2003;"Cerastoderma edule";"East Murman";"DZ";"DZ";"III";10
2003;"Cerastoderma edule";"East Murman";"DZ";"DZ";"M-13";10
2003;"Cerastoderma edule";"East Murman";"DZ";"DZ";"M-14";0
2003;"Cerastoderma edule";"East Murman";"DZ";"DZ";"M-15";10
2003;"Cerastoderma edule";"East Murman";"DZ";"DZ";"M-16";10
2003;"Cerastoderma edule";"East Murman";"DZ";"DZ";"IV";10
2003;"Cerastoderma edule";"East Murman";"DZ";"DZ";"M-23";0
2003;"Cerastoderma edule";"East Murman";"DZ";"DZ";"M-24";0
2003;"Cerastoderma edule";"East Murman";"DZ";"DZ";"M-25";10
2003;"Cerastoderma edule";"East Murman";"DZ";"DZ";"VII";0
2003;"Cerastoderma edule";"East Murman";"DZ";"DZ";"M-20";10
2003;"Cerastoderma edule";"East Murman";"DZ";"DZ";"M-21";0
2003;"Cerastoderma edule";"East Murman";"DZ";"DZ";"M-22";0
2003;"Cerastoderma edule";"East Murman";"DZ";"DZ";"I";10
2003;"Cerastoderma edule";"East Murman";"DZ";"DZ";"M-9";0
2003;"Cerastoderma edule";"East Murman";"DZ";"DZ";"M-10";30
2003;"Cerastoderma edule";"East Murman";"DZ";"DZ";"M-11";0
2003;"Cerastoderma edule";"East Murman";"DZ";"DZ";"VIII";0
2003;"Cerastoderma edule";"East Murman";"DZ";"DZ";"M-6";0
2003;"Cerastoderma edule";"East Murman";"DZ";"DZ";"M-7";0
2003;"Cerastoderma edule";"East Murman";"DZ";"DZ";"M-8";20
2004;"Cerastoderma edule";"East Murman";"DZ";"DZ";"II";0
2004;"Cerastoderma edule";"East Murman";"DZ";"DZ";"M-1";0
2004;"Cerastoderma edule";"East Murman";"DZ";"DZ";"M-2";0
2004;"Cerastoderma edule";"East Murman";"DZ";"DZ";"M-3";0
2004;"Cerastoderma edule";"East Murman";"DZ";"DZ";"M-4";0
2004;"Cerastoderma edule";"East Murman";"DZ";"DZ";"M-5";0
2004;"Cerastoderma edule";"East Murman";"DZ";"DZ";"VI";"NA"
2004;"Cerastoderma edule";"East Murman";"DZ";"DZ";"M-17";0
2004;"Cerastoderma edule";"East Murman";"DZ";"DZ";"M-18";20
2004;"Cerastoderma edule";"East Murman";"DZ";"DZ";"M-19";10
2004;"Cerastoderma edule";"East Murman";"DZ";"DZ";"III";10
2004;"Cerastoderma edule";"East Murman";"DZ";"DZ";"M-13";10
2004;"Cerastoderma edule";"East Murman";"DZ";"DZ";"M-14";0
2004;"Cerastoderma edule";"East Murman";"DZ";"DZ";"M-15";0
2004;"Cerastoderma edule";"East Murman";"DZ";"DZ";"M-16";10
2004;"Cerastoderma edule";"East Murman";"DZ";"DZ";"IV";"NA"
2004;"Cerastoderma edule";"East Murman";"DZ";"DZ";"M-23";30
2004;"Cerastoderma edule";"East Murman";"DZ";"DZ";"M-24";0
2004;"Cerastoderma edule";"East Murman";"DZ";"DZ";"M-25";0
2004;"Cerastoderma edule";"East Murman";"DZ";"DZ";"VII";"NA"
2004;"Cerastoderma edule";"East Murman";"DZ";"DZ";"M-20";0
2004;"Cerastoderma edule";"East Murman";"DZ";"DZ";"M-21";0
2004;"Cerastoderma edule";"East Murman";"DZ";"DZ";"M-22";10
2004;"Cerastoderma edule";"East Murman";"DZ";"DZ";"I";10
2004;"Cerastoderma edule";"East Murman";"DZ";"DZ";"M-9";0
2004;"Cerastoderma edule";"East Murman";"DZ";"DZ";"M-10";10
2004;"Cerastoderma edule";"East Murman";"DZ";"DZ";"M-11";10
2004;"Cerastoderma edule";"East Murman";"DZ";"DZ";"VIII";"NA"
2004;"Cerastoderma edule";"East Murman";"DZ";"DZ";"M-6";0
2004;"Cerastoderma edule";"East Murman";"DZ";"DZ";"M-7";0
2004;"Cerastoderma edule";"East Murman";"DZ";"DZ";"M-8";20
2005;"Cerastoderma edule";"East Murman";"DZ";"DZ";"II";0
2005;"Cerastoderma edule";"East Murman";"DZ";"DZ";"M-1";0
2005;"Cerastoderma edule";"East Murman";"DZ";"DZ";"M-2";0
2005;"Cerastoderma edule";"East Murman";"DZ";"DZ";"M-3";0
2005;"Cerastoderma edule";"East Murman";"DZ";"DZ";"M-4";0
2005;"Cerastoderma edule";"East Murman";"DZ";"DZ";"M-5";0
2005;"Cerastoderma edule";"East Murman";"DZ";"DZ";"VI";"NA"
2005;"Cerastoderma edule";"East Murman";"DZ";"DZ";"M-17";0
2005;"Cerastoderma edule";"East Murman";"DZ";"DZ";"M-18";0
2005;"Cerastoderma edule";"East Murman";"DZ";"DZ";"M-19";10
2005;"Cerastoderma edule";"East Murman";"DZ";"DZ";"III";10
2005;"Cerastoderma edule";"East Murman";"DZ";"DZ";"M-13";0
2005;"Cerastoderma edule";"East Murman";"DZ";"DZ";"M-14";10
2005;"Cerastoderma edule";"East Murman";"DZ";"DZ";"M-15";10
2005;"Cerastoderma edule";"East Murman";"DZ";"DZ";"M-16";10
2005;"Cerastoderma edule";"East Murman";"DZ";"DZ";"IV";"NA"
2005;"Cerastoderma edule";"East Murman";"DZ";"DZ";"M-23";0
2005;"Cerastoderma edule";"East Murman";"DZ";"DZ";"M-24";0
2005;"Cerastoderma edule";"East Murman";"DZ";"DZ";"M-25";0
2005;"Cerastoderma edule";"East Murman";"DZ";"DZ";"VII";"NA"
2005;"Cerastoderma edule";"East Murman";"DZ";"DZ";"M-20";0
2005;"Cerastoderma edule";"East Murman";"DZ";"DZ";"M-21";10
2005;"Cerastoderma edule";"East Murman";"DZ";"DZ";"M-22";0
2005;"Cerastoderma edule";"East Murman";"DZ";"DZ";"I";0
2005;"Cerastoderma edule";"East Murman";"DZ";"DZ";"M-9";0
2005;"Cerastoderma edule";"East Murman";"DZ";"DZ";"M-10";0
2005;"Cerastoderma edule";"East Murman";"DZ";"DZ";"M-11";0
2005;"Cerastoderma edule";"East Murman";"DZ";"DZ";"VIII";"NA"
2005;"Cerastoderma edule";"East Murman";"DZ";"DZ";"M-6";0
2005;"Cerastoderma edule";"East Murman";"DZ";"DZ";"M-7";0
2005;"Cerastoderma edule";"East Murman";"DZ";"DZ";"M-8";0
2006;"Cerastoderma edule";"East Murman";"DZ";"DZ";"II";0
2006;"Cerastoderma edule";"East Murman";"DZ";"DZ";"M-1";0
2006;"Cerastoderma edule";"East Murman";"DZ";"DZ";"M-2";0
2006;"Cerastoderma edule";"East Murman";"DZ";"DZ";"M-3";0
2006;"Cerastoderma edule";"East Murman";"DZ";"DZ";"M-4";0
2006;"Cerastoderma edule";"East Murman";"DZ";"DZ";"M-5";0
2006;"Cerastoderma edule";"East Murman";"DZ";"DZ";"VI";"NA"
2006;"Cerastoderma edule";"East Murman";"DZ";"DZ";"M-17";10
2006;"Cerastoderma edule";"East Murman";"DZ";"DZ";"M-18";30
2006;"Cerastoderma edule";"East Murman";"DZ";"DZ";"M-19";30
2006;"Cerastoderma edule";"East Murman";"DZ";"DZ";"III";20
2006;"Cerastoderma edule";"East Murman";"DZ";"DZ";"M-13";20
2006;"Cerastoderma edule";"East Murman";"DZ";"DZ";"M-14";30
2006;"Cerastoderma edule";"East Murman";"DZ";"DZ";"M-15";30
2006;"Cerastoderma edule";"East Murman";"DZ";"DZ";"M-16";30
2006;"Cerastoderma edule";"East Murman";"DZ";"DZ";"IV";"NA"
2006;"Cerastoderma edule";"East Murman";"DZ";"DZ";"M-23";10
2006;"Cerastoderma edule";"East Murman";"DZ";"DZ";"M-24";10
2006;"Cerastoderma edule";"East Murman";"DZ";"DZ";"M-25";10
2006;"Cerastoderma edule";"East Murman";"DZ";"DZ";"VII";"NA"
2006;"Cerastoderma edule";"East Murman";"DZ";"DZ";"M-20";0
2006;"Cerastoderma edule";"East Murman";"DZ";"DZ";"M-21";0
2006;"Cerastoderma edule";"East Murman";"DZ";"DZ";"M-22";0
2006;"Cerastoderma edule";"East Murman";"DZ";"DZ";"I";0
2006;"Cerastoderma edule";"East Murman";"DZ";"DZ";"M-9";0
2006;"Cerastoderma edule";"East Murman";"DZ";"DZ";"M-10";0
2006;"Cerastoderma edule";"East Murman";"DZ";"DZ";"M-11";0
2006;"Cerastoderma edule";"East Murman";"DZ";"DZ";"VIII";"NA"
2006;"Cerastoderma edule";"East Murman";"DZ";"DZ";"M-6";0
2006;"Cerastoderma edule";"East Murman";"DZ";"DZ";"M-7";0
2006;"Cerastoderma edule";"East Murman";"DZ";"DZ";"M-8";0
2004;"Cerastoderma edule";"East Murman";"Yarnyshnaya";"YA";"Ya101";0
2004;"Cerastoderma edule";"East Murman";"Yarnyshnaya";"YA";"Ya102";0
2004;"Cerastoderma edule";"East Murman";"Yarnyshnaya";"YA";"Ya103";0
2004;"Cerastoderma edule";"East Murman";"Yarnyshnaya";"YA";"Ya104";10
2004;"Cerastoderma edule";"East Murman";"Yarnyshnaya";"YA";"Ya105";0
2004;"Cerastoderma edule";"East Murman";"Yarnyshnaya";"YA";"Ya106";0
2004;"Cerastoderma edule";"East Murman";"Yarnyshnaya";"YA";"Ya107";0
2004;"Cerastoderma edule";"East Murman";"Yarnyshnaya";"YA";"Ya108";0
2004;"Cerastoderma edule";"East Murman";"Yarnyshnaya";"YA";"Ya109";0
2004;"Cerastoderma edule";"East Murman";"Yarnyshnaya";"YA";"Ya110";10
2004;"Cerastoderma edule";"East Murman";"Yarnyshnaya";"YA";"Ya201";0
2004;"Cerastoderma edule";"East Murman";"Yarnyshnaya";"YA";"Ya202";0
2004;"Cerastoderma edule";"East Murman";"Yarnyshnaya";"YA";"Ya203";20
2004;"Cerastoderma edule";"East Murman";"Yarnyshnaya";"YA";"Ya204";0
2004;"Cerastoderma edule";"East Murman";"Yarnyshnaya";"YA";"Ya205";10
2004;"Cerastoderma edule";"East Murman";"Yarnyshnaya";"YA";"Ya206";20
2004;"Cerastoderma edule";"East Murman";"Yarnyshnaya";"YA";"Ya207";10
2004;"Cerastoderma edule";"East Murman";"Yarnyshnaya";"YA";"Ya208";10
2004;"Cerastoderma edule";"East Murman";"Yarnyshnaya";"YA";"Ya209";10
2004;"Cerastoderma edule";"East Murman";"Yarnyshnaya";"YA";"Ya210";10
2004;"Cerastoderma edule";"East Murman";"Yarnyshnaya";"YA";"Ya301";0
2004;"Cerastoderma edule";"East Murman";"Yarnyshnaya";"YA";"Ya302";10
2004;"Cerastoderma edule";"East Murman";"Yarnyshnaya";"YA";"Ya303";30
2004;"Cerastoderma edule";"East Murman";"Yarnyshnaya";"YA";"Ya304";10
2004;"Cerastoderma edule";"East Murman";"Yarnyshnaya";"YA";"Ya305";10
2004;"Cerastoderma edule";"East Murman";"Yarnyshnaya";"YA";"Ya306";20
2004;"Cerastoderma edule";"East Murman";"Yarnyshnaya";"YA";"Ya307";20
2004;"Cerastoderma edule";"East Murman";"Yarnyshnaya";"YA";"Ya308";10
2004;"Cerastoderma edule";"East Murman";"Yarnyshnaya";"YA";"Ya309";0
2004;"Cerastoderma edule";"East Murman";"Yarnyshnaya";"YA";"Ya310";10
2005;"Cerastoderma edule";"East Murman";"Yarnyshnaya";"YA";"Ya01";100
2005;"Cerastoderma edule";"East Murman";"Yarnyshnaya";"YA";"Ya02";0
2005;"Cerastoderma edule";"East Murman";"Yarnyshnaya";"YA";"Ya03";0
2005;"Cerastoderma edule";"East Murman";"Yarnyshnaya";"YA";"Ya04";0
2005;"Cerastoderma edule";"East Murman";"Yarnyshnaya";"YA";"Ya05";0
2005;"Cerastoderma edule";"East Murman";"Yarnyshnaya";"YA";"Ya06";0
2005;"Cerastoderma edule";"East Murman";"Yarnyshnaya";"YA";"Ya07";0
2005;"Cerastoderma edule";"East Murman";"Yarnyshnaya";"YA";"Ya08";0
2005;"Cerastoderma edule";"East Murman";"Yarnyshnaya";"YA";"Ya09";0
2005;"Cerastoderma edule";"East Murman";"Yarnyshnaya";"YA";"Ya10";0
2005;"Cerastoderma edule";"East Murman";"Shelpino";"SH";"Sh01";0
2005;"Cerastoderma edule";"East Murman";"Shelpino";"SH";"Sh02";0
2005;"Cerastoderma edule";"East Murman";"Shelpino";"SH";"Sh03";0
2005;"Cerastoderma edule";"East Murman";"Shelpino";"SH";"Sh04";0
2005;"Cerastoderma edule";"East Murman";"Shelpino";"SH";"Sh05";0
2005;"Cerastoderma edule";"East Murman";"Shelpino";"SH";"Sh06";0
2005;"Cerastoderma edule";"East Murman";"Shelpino";"SH";"Sh07";0
2005;"Cerastoderma edule";"East Murman";"Shelpino";"SH";"Sh08";0
2005;"Cerastoderma edule";"East Murman";"Shelpino";"SH";"Sh09";10
2005;"Cerastoderma edule";"East Murman";"Shelpino";"SH";"Sh10";0
2006;"Cerastoderma edule";"Kola bay";"Pala";"PL";"Pala01";0
2006;"Cerastoderma edule";"Kola bay";"Pala";"PL";"Pala02";88
2006;"Cerastoderma edule";"Kola bay";"Pala";"PL";"Pala03";44
2006;"Cerastoderma edule";"Kola bay";"Pala";"PL";"Pala04";66
2006;"Cerastoderma edule";"Kola bay";"Pala";"PL";"Pala05";176
2006;"Cerastoderma edule";"Kola bay";"Pala";"PL";"Pala06";110
2006;"Cerastoderma edule";"Kola bay";"Pala";"PL";"Pala07";66
2006;"Cerastoderma edule";"Kola bay";"Pala";"PL";"Pala08";44
2006;"Cerastoderma edule";"Kola bay";"Pala";"PL";"Pala09";0
2006;"Cerastoderma edule";"Kola bay";"Pala";"PL";"Pala10";66
2006;"Cerastoderma edule";"East Murman";"DZ";"DZ";"DZ11";12
2006;"Cerastoderma edule";"East Murman";"DZ";"DZ";"DZ12";0
2006;"Cerastoderma edule";"East Murman";"DZ";"DZ";"DZ13";4
2006;"Cerastoderma edule";"East Murman";"DZ";"DZ";"DZ21";0
2006;"Cerastoderma edule";"East Murman";"DZ";"DZ";"DZ22";0
2006;"Cerastoderma edule";"East Murman";"DZ";"DZ";"DZ23";0
2006;"Cerastoderma edule";"East Murman";"DZ";"DZ";"DZ31";4
2006;"Cerastoderma edule";"East Murman";"DZ";"DZ";"DZ32";0
2006;"Cerastoderma edule";"East Murman";"DZ";"DZ";"DZ33";4
2006;"Cerastoderma edule";"East Murman";"DZ";"DZ";"DZ41";20
2006;"Cerastoderma edule";"East Murman";"DZ";"DZ";"DZ42";8
2006;"Cerastoderma edule";"East Murman";"DZ";"DZ";"DZ43";8
2006;"Cerastoderma edule";"East Murman";"DZ";"DZ";"DZ61";4
2006;"Cerastoderma edule";"East Murman";"DZ";"DZ";"DZ62";8
2006;"Cerastoderma edule";"East Murman";"DZ";"DZ";"DZ63";0
2006;"Cerastoderma edule";"East Murman";"DZ";"DZ";"DZ71";0
2006;"Cerastoderma edule";"East Murman";"DZ";"DZ";"DZ72";0
2006;"Cerastoderma edule";"East Murman";"DZ";"DZ";"DZ73";0
2006;"Cerastoderma edule";"East Murman";"DZ";"DZ";"DZ91";0
2006;"Cerastoderma edule";"East Murman";"DZ";"DZ";"DZ92";0
2006;"Cerastoderma edule";"East Murman";"DZ";"DZ";"DZ93";8
2006;"Cerastoderma edule";"East Murman";"DZ";"DZ";"DZ101";16
2006;"Cerastoderma edule";"East Murman";"DZ";"DZ";"DZ102";8
2006;"Cerastoderma edule";"East Murman";"DZ";"DZ";"DZ103";0
2006;"Cerastoderma edule";"East Murman";"Porchnikha";"PR";1;8
2006;"Cerastoderma edule";"East Murman";"Porchnikha";"PR";2;4
2006;"Cerastoderma edule";"East Murman";"Porchnikha";"PR";3;4
2006;"Cerastoderma edule";"East Murman";"Porchnikha";"PR";4;0
2006;"Cerastoderma edule";"East Murman";"Porchnikha";"PR";5;4
2006;"Cerastoderma edule";"East Murman";"Porchnikha";"PR";6;0
2006;"Cerastoderma edule";"East Murman";"Porchnikha";"PR";7;12
2006;"Cerastoderma edule";"East Murman";"Porchnikha";"PR";8;0
2006;"Cerastoderma edule";"East Murman";"Porchnikha";"PR";9;0
2006;"Cerastoderma edule";"East Murman";"Porchnikha";"PR";10;0
2006;"Cerastoderma edule";"East Murman";"Porchnikha";"PR";11;4
2006;"Cerastoderma edule";"East Murman";"Porchnikha";"PR";12;4
2006;"Cerastoderma edule";"East Murman";"Porchnikha";"PR";13;0
2006;"Cerastoderma edule";"East Murman";"Porchnikha";"PR";14;0
2006;"Cerastoderma edule";"East Murman";"Porchnikha";"PR";15;0
2006;"Cerastoderma edule";"East Murman";"Porchnikha";"PR";16;0
2007;"Cerastoderma edule";"Kola bay";"Pala";"PL";1;0
2007;"Cerastoderma edule";"Kola bay";"Pala";"PL";2;0
2007;"Cerastoderma edule";"Kola bay";"Pala";"PL";3;0
2007;"Cerastoderma edule";"Kola bay";"Pala";"PL";4;0
2007;"Cerastoderma edule";"Kola bay";"Pala";"PL";5;0
2007;"Cerastoderma edule";"Kola bay";"Pala";"PL";6;0
2007;"Cerastoderma edule";"Kola bay";"Pala";"PL";7;0
2007;"Cerastoderma edule";"Kola bay";"Pala";"PL";8;0
2007;"Cerastoderma edule";"Kola bay";"Pala";"PL";9;0
2007;"Cerastoderma edule";"Kola bay";"Pala";"PL";10;0
2007;"Cerastoderma edule";"Kola bay";"Pala";"PL";11;0
2007;"Cerastoderma edule";"Kola bay";"Pala";"PL";12;0
2007;"Cerastoderma edule";"Kola bay";"Pala";"PL";13;0
2007;"Cerastoderma edule";"Kola bay";"Pala";"PL";14;30
2007;"Cerastoderma edule";"Kola bay";"Pala";"PL";15;0
2007;"Cerastoderma edule";"Kola bay";"Pala";"PL";16;0
2007;"Cerastoderma edule";"East Murman";"DZ";"DZ";"1m1";0
2007;"Cerastoderma edule";"East Murman";"DZ";"DZ";"1m2";0
2007;"Cerastoderma edule";"East Murman";"DZ";"DZ";"1m3";30
2007;"Cerastoderma edule";"East Murman";"DZ";"DZ";"2m1";90
2007;"Cerastoderma edule";"East Murman";"DZ";"DZ";"2m2";0
2007;"Cerastoderma edule";"East Murman";"DZ";"DZ";"2m3";0
2007;"Cerastoderma edule";"East Murman";"DZ";"DZ";"3m1";0
2007;"Cerastoderma edule";"East Murman";"DZ";"DZ";"3m2";30
2007;"Cerastoderma edule";"East Murman";"DZ";"DZ";"3m3";0
2007;"Cerastoderma edule";"East Murman";"DZ";"DZ";"4m1";0
2007;"Cerastoderma edule";"East Murman";"DZ";"DZ";"4m2";30
2007;"Cerastoderma edule";"East Murman";"DZ";"DZ";"4m3";0
2007;"Cerastoderma edule";"East Murman";"DZ";"DZ";"5m1";0
2007;"Cerastoderma edule";"East Murman";"DZ";"DZ";"5m2";30
2007;"Cerastoderma edule";"East Murman";"DZ";"DZ";"5m3";30
2007;"Cerastoderma edule";"East Murman";"DZ";"DZ";"6m1";0
2007;"Cerastoderma edule";"East Murman";"DZ";"DZ";"6m2";0
2007;"Cerastoderma edule";"East Murman";"DZ";"DZ";"6m3";0
2007;"Cerastoderma edule";"East Murman";"DZ";"DZ";"7m1";30
2007;"Cerastoderma edule";"East Murman";"DZ";"DZ";"7m2";30
2007;"Cerastoderma edule";"East Murman";"DZ";"DZ";"7m3";0
2007;"Cerastoderma edule";"East Murman";"DZ";"DZ";"8m1";30
2007;"Cerastoderma edule";"East Murman";"DZ";"DZ";"8m2";0
2007;"Cerastoderma edule";"East Murman";"DZ";"DZ";"8m3";30
2007;"Cerastoderma edule";"East Murman";"DZ";"DZ";"9m1";0
2007;"Cerastoderma edule";"East Murman";"DZ";"DZ";"9m2";0
2007;"Cerastoderma edule";"East Murman";"DZ";"DZ";"9m3";0
2007;"Cerastoderma edule";"East Murman";"DZ";"DZ";"10m1";0
2007;"Cerastoderma edule";"East Murman";"DZ";"DZ";"10m2";0
2007;"Cerastoderma edule";"East Murman";"DZ";"DZ";"10m3";0
2007;"Cerastoderma edule";"East Murman";"DZ";"DZ";"11m1";0
2007;"Cerastoderma edule";"East Murman";"DZ";"DZ";"11m2";0
2007;"Cerastoderma edule";"East Murman";"DZ";"DZ";"11m3";0
2007;"Cerastoderma edule";"East Murman";"DZ";"DZ";"12m1";0
2007;"Cerastoderma edule";"East Murman";"DZ";"DZ";"12m2";0
2007;"Cerastoderma edule";"East Murman";"DZ";"DZ";"12m3";0
2007;"Cerastoderma edule";"East Murman";"Porchnikha";"PR";"Por1";30
2007;"Cerastoderma edule";"East Murman";"Porchnikha";"PR";"Por2";0
2007;"Cerastoderma edule";"East Murman";"Porchnikha";"PR";"Por3";60
2007;"Cerastoderma edule";"East Murman";"Porchnikha";"PR";"Por4";90
2007;"Cerastoderma edule";"East Murman";"Porchnikha";"PR";"Por5";0
2007;"Cerastoderma edule";"East Murman";"Porchnikha";"PR";"Por6";30
2007;"Cerastoderma edule";"East Murman";"Porchnikha";"PR";"Por7";0
2007;"Cerastoderma edule";"East Murman";"Porchnikha";"PR";"Por8";60
2007;"Cerastoderma edule";"East Murman";"Porchnikha";"PR";"Por9";0
2007;"Cerastoderma edule";"East Murman";"Porchnikha";"PR";"Por10";0
2007;"Cerastoderma edule";"East Murman";"Porchnikha";"PR";"Por11";30
2007;"Cerastoderma edule";"East Murman";"Porchnikha";"PR";"Por12";0
2007;"Cerastoderma edule";"East Murman";"Porchnikha";"PR";"Por13";0
2007;"Cerastoderma edule";"East Murman";"Porchnikha";"PR";"Por14";30
2007;"Cerastoderma edule";"East Murman";"Porchnikha";"PR";"Por15";0
2007;"Cerastoderma edule";"East Murman";"Porchnikha";"PR";"Por16";0
2007;"Cerastoderma edule";"East Murman";"Porchnikha";"PR";"Por17";30
2007;"Cerastoderma edule";"East Murman";"Porchnikha";"PR";"Por18";30
2007;"Cerastoderma edule";"East Murman";"Porchnikha";"PR";"Por19";0
2007;"Cerastoderma edule";"East Murman";"Porchnikha";"PR";"Por20";0
2007;"Cerastoderma edule";"East Murman";"Porchnikha";"PR";"Por21";0
2007;"Cerastoderma edule";"East Murman";"Porchnikha";"PR";"Por22";0
2007;"Cerastoderma edule";"East Murman";"Porchnikha";"PR";"Por23";0
2007;"Cerastoderma edule";"East Murman";"Porchnikha";"PR";"Por24";0
2007;"Cerastoderma edule";"East Murman";"Porchnikha";"PR";"Por25";30
2007;"Cerastoderma edule";"East Murman";"Porchnikha";"PR";"Por26";0
2007;"Cerastoderma edule";"East Murman";"Porchnikha";"PR";"Por27";0
2007;"Cerastoderma edule";"East Murman";"Porchnikha";"PR";"Por28";0
2007;"Cerastoderma edule";"East Murman";"Porchnikha";"PR";"Por29";0
2007;"Cerastoderma edule";"East Murman";"Porchnikha";"PR";"Por30";0
2007;"Cerastoderma edule";"East Murman";"Porchnikha";"PR";"Por31";30
2007;"Cerastoderma edule";"East Murman";"Porchnikha";"PR";"Por32";0
2007;"Cerastoderma edule";"East Murman";"Yarnyshnaya";"YA";"13m1";0
2007;"Cerastoderma edule";"East Murman";"Yarnyshnaya";"YA";"13m2";0
2007;"Cerastoderma edule";"East Murman";"Yarnyshnaya";"YA";"13m3";0
2007;"Cerastoderma edule";"East Murman";"Yarnyshnaya";"YA";"14m1";0
2007;"Cerastoderma edule";"East Murman";"Yarnyshnaya";"YA";"14m2";30
2007;"Cerastoderma edule";"East Murman";"Yarnyshnaya";"YA";"14m3";0
2007;"Cerastoderma edule";"East Murman";"Yarnyshnaya";"YA";"15m1";30
2007;"Cerastoderma edule";"East Murman";"Yarnyshnaya";"YA";"15m2";0
2007;"Cerastoderma edule";"East Murman";"Yarnyshnaya";"YA";"15m3";0
2007;"Cerastoderma edule";"East Murman";"Yarnyshnaya";"YA";"16m1";0
2007;"Cerastoderma edule";"East Murman";"Yarnyshnaya";"YA";"16m2";0
2007;"Cerastoderma edule";"East Murman";"Yarnyshnaya";"YA";"16m3";0
2007;"Cerastoderma edule";"East Murman";"Yarnyshnaya";"YA";"17m1";0
2007;"Cerastoderma edule";"East Murman";"Yarnyshnaya";"YA";"17m2";0
2007;"Cerastoderma edule";"East Murman";"Yarnyshnaya";"YA";"17m3";0
2007;"Cerastoderma edule";"East Murman";"Yarnyshnaya";"YA";"18m1";0
2007;"Cerastoderma edule";"East Murman";"Yarnyshnaya";"YA";"18m2";0
2007;"Cerastoderma edule";"East Murman";"Yarnyshnaya";"YA";"18m3";30
2007;"Cerastoderma edule";"East Murman";"Yarnyshnaya";"YA";"19m1";0
2007;"Cerastoderma edule";"East Murman";"Yarnyshnaya";"YA";"19m2";0
2007;"Cerastoderma edule";"East Murman";"Yarnyshnaya";"YA";"19m3";0
2007;"Cerastoderma edule";"East Murman";"Yarnyshnaya";"YA";"20m1";0
2007;"Cerastoderma edule";"East Murman";"Yarnyshnaya";"YA";"20m2";0
2007;"Cerastoderma edule";"East Murman";"Yarnyshnaya";"YA";"20m3";0
2007;"Cerastoderma edule";"East Murman";"Yarnyshnaya";"YA";"21m1";0
2007;"Cerastoderma edule";"East Murman";"Yarnyshnaya";"YA";"21m2";0
2007;"Cerastoderma edule";"East Murman";"Yarnyshnaya";"YA";"21m3";0
2007;"Cerastoderma edule";"East Murman";"Yarnyshnaya";"YA";"22m1";0
2007;"Cerastoderma edule";"East Murman";"Yarnyshnaya";"YA";"22m2";0
2007;"Cerastoderma edule";"East Murman";"Yarnyshnaya";"YA";"22m3";30
2007;"Cerastoderma edule";"East Murman";"Yarnyshnaya";"YA";"23m1";0
2007;"Cerastoderma edule";"East Murman";"Yarnyshnaya";"YA";"23m2";0
2007;"Cerastoderma edule";"East Murman";"Yarnyshnaya";"YA";"23m3";0
2007;"Cerastoderma edule";"East Murman";"Yarnyshnaya";"YA";"24m1";0
2007;"Cerastoderma edule";"East Murman";"Yarnyshnaya";"YA";"24m2";0
2007;"Cerastoderma edule";"East Murman";"Yarnyshnaya";"YA";"24m3";30
2008;"Cerastoderma edule";"East Murman";"DZ";"DZ";"1m1";0
2008;"Cerastoderma edule";"East Murman";"DZ";"DZ";"1m2";0
2008;"Cerastoderma edule";"East Murman";"DZ";"DZ";"1m3";0
2008;"Cerastoderma edule";"East Murman";"DZ";"DZ";"2m1";0
2008;"Cerastoderma edule";"East Murman";"DZ";"DZ";"2m2";0
2008;"Cerastoderma edule";"East Murman";"DZ";"DZ";"2m3";0
2008;"Cerastoderma edule";"East Murman";"DZ";"DZ";"3m1";0
2008;"Cerastoderma edule";"East Murman";"DZ";"DZ";"3m2";0
2008;"Cerastoderma edule";"East Murman";"DZ";"DZ";"3m3";30
2008;"Cerastoderma edule";"East Murman";"DZ";"DZ";"4m1";0
2008;"Cerastoderma edule";"East Murman";"DZ";"DZ";"4m2";30
2008;"Cerastoderma edule";"East Murman";"DZ";"DZ";"4m3";0
2008;"Cerastoderma edule";"East Murman";"DZ";"DZ";"5m1";30
2008;"Cerastoderma edule";"East Murman";"DZ";"DZ";"5m2";0
2008;"Cerastoderma edule";"East Murman";"DZ";"DZ";"5m3";0
2008;"Cerastoderma edule";"East Murman";"DZ";"DZ";"6m1";60
2008;"Cerastoderma edule";"East Murman";"DZ";"DZ";"6m2";30
2008;"Cerastoderma edule";"East Murman";"DZ";"DZ";"6m3";30
2008;"Cerastoderma edule";"East Murman";"DZ";"DZ";"7m1";0
2008;"Cerastoderma edule";"East Murman";"DZ";"DZ";"7m2";0
2008;"Cerastoderma edule";"East Murman";"DZ";"DZ";"7m3";0
2008;"Cerastoderma edule";"East Murman";"DZ";"DZ";"8m1";0
2008;"Cerastoderma edule";"East Murman";"DZ";"DZ";"8m2";0
2008;"Cerastoderma edule";"East Murman";"DZ";"DZ";"8m3";30
2008;"Cerastoderma edule";"East Murman";"DZ";"DZ";"9m1";0
2008;"Cerastoderma edule";"East Murman";"DZ";"DZ";"9m2";0
2008;"Cerastoderma edule";"East Murman";"DZ";"DZ";"9m3";0
2008;"Cerastoderma edule";"East Murman";"DZ";"DZ";"10m1";0
2008;"Cerastoderma edule";"East Murman";"DZ";"DZ";"10m2";0
2008;"Cerastoderma edule";"East Murman";"DZ";"DZ";"10m3";0
2008;"Cerastoderma edule";"East Murman";"DZ";"DZ";"11m1";0
2008;"Cerastoderma edule";"East Murman";"DZ";"DZ";"11m2";0
2008;"Cerastoderma edule";"East Murman";"DZ";"DZ";"11m3";0
2008;"Cerastoderma edule";"East Murman";"DZ";"DZ";"12m1";0
2008;"Cerastoderma edule";"East Murman";"DZ";"DZ";"12m2";0
2008;"Cerastoderma edule";"East Murman";"DZ";"DZ";"12m3";0
2008;"Cerastoderma edule";"East Murman";"DZ";"DZ";"13m1";0
2008;"Cerastoderma edule";"East Murman";"DZ";"DZ";"13m2";0
2008;"Cerastoderma edule";"East Murman";"DZ";"DZ";"13m3";0
2008;"Cerastoderma edule";"East Murman";"DZ";"DZ";"14m1";0
2008;"Cerastoderma edule";"East Murman";"DZ";"DZ";"14m2";0
2008;"Cerastoderma edule";"East Murman";"DZ";"DZ";"14m3";0
2008;"Cerastoderma edule";"East Murman";"DZ";"DZ";"15m1";0
2008;"Cerastoderma edule";"East Murman";"DZ";"DZ";"15m2";0
2008;"Cerastoderma edule";"East Murman";"DZ";"DZ";"15m3";0
2008;"Cerastoderma edule";"East Murman";"DZ";"DZ";"16m1";0
2008;"Cerastoderma edule";"East Murman";"DZ";"DZ";"16m2";0
2008;"Cerastoderma edule";"East Murman";"DZ";"DZ";"16m3";30
2008;"Cerastoderma edule";"East Murman";"DZ";"DZ";"17m1";0
2008;"Cerastoderma edule";"East Murman";"DZ";"DZ";"17m2";0
2008;"Cerastoderma edule";"East Murman";"DZ";"DZ";"17m3";0
2008;"Cerastoderma edule";"East Murman";"DZ";"DZ";"18m1";0
2008;"Cerastoderma edule";"East Murman";"DZ";"DZ";"18m2";0
2008;"Cerastoderma edule";"East Murman";"DZ";"DZ";"18m3";0
2008;"Cerastoderma edule";"East Murman";"DZ";"DZ";"19m1";0
2008;"Cerastoderma edule";"East Murman";"DZ";"DZ";"19m2";0
2008;"Cerastoderma edule";"East Murman";"DZ";"DZ";"19m3";0
2008;"Cerastoderma edule";"East Murman";"DZ";"DZ";"20m1";0
2008;"Cerastoderma edule";"East Murman";"DZ";"DZ";"20m2";0
2008;"Cerastoderma edule";"East Murman";"DZ";"DZ";"20m3";0
2008;"Cerastoderma edule";"East Murman";"DZ";"DZ";"21m1";0
2008;"Cerastoderma edule";"East Murman";"DZ";"DZ";"21m2";0
2008;"Cerastoderma edule";"East Murman";"DZ";"DZ";"21m3";0
2008;"Cerastoderma edule";"East Murman";"DZ";"DZ";"22m1";0
2008;"Cerastoderma edule";"East Murman";"DZ";"DZ";"22m2";0
2008;"Cerastoderma edule";"East Murman";"DZ";"DZ";"22m3";0
2008;"Cerastoderma edule";"East Murman";"DZ";"DZ";"23m1";0
2008;"Cerastoderma edule";"East Murman";"DZ";"DZ";"23m2";0
2008;"Cerastoderma edule";"East Murman";"DZ";"DZ";"23m3";0
2008;"Cerastoderma edule";"East Murman";"DZ";"DZ";"24m1";0
2008;"Cerastoderma edule";"East Murman";"DZ";"DZ";"24m2";0
2008;"Cerastoderma edule";"East Murman";"DZ";"DZ";"24m3";0
2008;"Cerastoderma edule";"East Murman";"Tryazhina";"TR";1;30
2008;"Cerastoderma edule";"East Murman";"Tryazhina";"TR";2;30
2008;"Cerastoderma edule";"East Murman";"Tryazhina";"TR";3;30
2008;"Cerastoderma edule";"East Murman";"Tryazhina";"TR";4;0
2008;"Cerastoderma edule";"East Murman";"Tryazhina";"TR";5;0
2008;"Cerastoderma edule";"East Murman";"Tryazhina";"TR";6;0
2008;"Cerastoderma edule";"East Murman";"Tryazhina";"TR";7;0
2008;"Cerastoderma edule";"East Murman";"Tryazhina";"TR";8;0
2008;"Cerastoderma edule";"East Murman";"Tryazhina";"TR";9;0
2008;"Cerastoderma edule";"East Murman";"Tryazhina";"TR";10;0
2008;"Cerastoderma edule";"East Murman";"Shelpino";"SH";1;20
2008;"Cerastoderma edule";"East Murman";"Shelpino";"SH";2;0
2008;"Cerastoderma edule";"East Murman";"Shelpino";"SH";3;0
2008;"Cerastoderma edule";"East Murman";"Shelpino";"SH";4;0
2008;"Cerastoderma edule";"East Murman";"Shelpino";"SH";5;0
2008;"Cerastoderma edule";"East Murman";"Shelpino";"SH";6;0
2008;"Cerastoderma edule";"East Murman";"Shelpino";"SH";7;0
2008;"Cerastoderma edule";"East Murman";"Shelpino";"SH";8;0
2008;"Cerastoderma edule";"East Murman";"Shelpino";"SH";9;0
2008;"Cerastoderma edule";"East Murman";"Shelpino";"SH";10;0
2008;"Cerastoderma edule";"East Murman";"Yarnyshnaya";"YA";"M-Ya1";0
2008;"Cerastoderma edule";"East Murman";"Yarnyshnaya";"YA";"M-Ya2";0
2008;"Cerastoderma edule";"East Murman";"Yarnyshnaya";"YA";"M-Ya3";0
2008;"Cerastoderma edule";"East Murman";"Yarnyshnaya";"YA";"M-Ya4";0
2008;"Cerastoderma edule";"East Murman";"Yarnyshnaya";"YA";"M-Ya5";0
2008;"Cerastoderma edule";"East Murman";"Yarnyshnaya";"YA";"M-Ya6";0
2008;"Cerastoderma edule";"East Murman";"Yarnyshnaya";"YA";"M-Ya7";30
2008;"Cerastoderma edule";"East Murman";"Yarnyshnaya";"YA";"M-Ya8";30
2008;"Cerastoderma edule";"East Murman";"Yarnyshnaya";"YA";"M-Ya9";60
2008;"Cerastoderma edule";"East Murman";"Yarnyshnaya";"YA";"M-Ya10";0
2009;"Cerastoderma edule";"East Murman";"DZ";"DZ";"П IIIc 1";0
2009;"Cerastoderma edule";"East Murman";"DZ";"DZ";"П IIIc 2";30
2009;"Cerastoderma edule";"East Murman";"DZ";"DZ";"П IIIc 3";0
2009;"Cerastoderma edule";"East Murman";"DZ";"DZ";"П IIc 1";30
2009;"Cerastoderma edule";"East Murman";"DZ";"DZ";"П IIc 2";0
2009;"Cerastoderma edule";"East Murman";"DZ";"DZ";"П IIc 3";0
2009;"Cerastoderma edule";"East Murman";"DZ";"DZ";"П Ic 1";0
2009;"Cerastoderma edule";"East Murman";"DZ";"DZ";"П Ic 2";30
2009;"Cerastoderma edule";"East Murman";"DZ";"DZ";"П Ic 3";30
2009;"Cerastoderma edule";"East Murman";"DZ";"DZ";"P 1";30
2009;"Cerastoderma edule";"East Murman";"DZ";"DZ";"P 2";30
2009;"Cerastoderma edule";"East Murman";"DZ";"DZ";"P 3";60
2009;"Cerastoderma edule";"East Murman";"DZ";"DZ";"Л Ic 1";60
2009;"Cerastoderma edule";"East Murman";"DZ";"DZ";"Л Ic 2";30
2009;"Cerastoderma edule";"East Murman";"DZ";"DZ";"Л Ic 3";30
2009;"Cerastoderma edule";"East Murman";"DZ";"DZ";"Л IIc 1";0
2009;"Cerastoderma edule";"East Murman";"DZ";"DZ";"Л IIc 2";30
2009;"Cerastoderma edule";"East Murman";"DZ";"DZ";"Л IIc 3";0
2009;"Cerastoderma edule";"East Murman";"DZ";"DZ";"Л IIIc 1";30
2009;"Cerastoderma edule";"East Murman";"DZ";"DZ";"Л IIIc 2";0
2009;"Cerastoderma edule";"East Murman";"DZ";"DZ";"Л IIIc 3";0
2010;"Cerastoderma edule";"West Murman";"Ura";"UR";1;360
2010;"Cerastoderma edule";"West Murman";"Ura";"UR";2;120
2010;"Cerastoderma edule";"West Murman";"Ura";"UR";3;450
2010;"Cerastoderma edule";"West Murman";"Ura";"UR";4;120
2010;"Cerastoderma edule";"West Murman";"Ura";"UR";5;360
2005;"Cerastoderma edule";"West Murman";"Pechenga";"PG";1;1
2008;"Cerastoderma edule";"Kola bay";"Abram";"AB";1;0
2005;"Cerastoderma edule";"Kola bay";"Nagornoe";"NG";1;0
2005;"Cerastoderma edule";"Kola bay";"Retinskoe";"RT";1;1
2008;"Cerastoderma edule";"East Murman";"Gavrilovo";"GV";1;0
2008;"Cerastoderma edule";"East Murman";"Ivanovskaya";"IV";1;0
2008;"Macoma balthica";"Kola bay";"Abram";"AB";6;2040
2008;"Macoma balthica";"Kola bay";"Abram";"AB";7;1640
2008;"Macoma balthica";"Kola bay";"Abram";"AB";8;1780
2008;"Macoma balthica";"Kola bay";"Abram";"AB";9;1640
2008;"Macoma balthica";"Kola bay";"Abram";"AB";10;1920
2008;"Macoma balthica";"Kola bay";"Abram";"AB";1;880
2008;"Macoma balthica";"Kola bay";"Abram";"AB";2;60
2008;"Macoma balthica";"Kola bay";"Abram";"AB";3;480
2008;"Macoma balthica";"Kola bay";"Abram";"AB";4;140
2008;"Macoma balthica";"Kola bay";"Abram";"AB";5;1140
2002;"Macoma balthica";"East Murman";"DZ";"DZ";"I-1";0
2002;"Macoma balthica";"East Murman";"DZ";"DZ";"I-2";0
2002;"Macoma balthica";"East Murman";"DZ";"DZ";"I-3";60
2002;"Macoma balthica";"East Murman";"DZ";"DZ";"II-1";30
2002;"Macoma balthica";"East Murman";"DZ";"DZ";"II-2";0
2002;"Macoma balthica";"East Murman";"DZ";"DZ";"II-3";30
2002;"Macoma balthica";"East Murman";"DZ";"DZ";"III-1";150
2002;"Macoma balthica";"East Murman";"DZ";"DZ";"III-2";60
2002;"Macoma balthica";"East Murman";"DZ";"DZ";"III-3";0
2002;"Macoma balthica";"East Murman";"DZ";"DZ";"IV-1";60
2002;"Macoma balthica";"East Murman";"DZ";"DZ";"IV-2";60
2002;"Macoma balthica";"East Murman";"DZ";"DZ";"IV-3";120
2002;"Macoma balthica";"East Murman";"DZ";"DZ";"mr11";10
2002;"Macoma balthica";"East Murman";"DZ";"DZ";"mr13";40
2002;"Macoma balthica";"East Murman";"DZ";"DZ";"mr14";30
2002;"Macoma balthica";"East Murman";"DZ";"DZ";"mr15";60
2002;"Macoma balthica";"East Murman";"DZ";"DZ";"mr16";10
2002;"Macoma balthica";"East Murman";"DZ";"DZ";"mr18";20
2002;"Macoma balthica";"East Murman";"DZ";"DZ";"mr19";40
2002;"Macoma balthica";"East Murman";"DZ";"DZ";"mr6";50
2002;"Macoma balthica";"East Murman";"DZ";"DZ";"mr8";40
2002;"Macoma balthica";"East Murman";"DZ";"DZ";"mr9";40
2002;"Macoma balthica";"East Murman";"DZ";"DZ";"V-1";60
2002;"Macoma balthica";"East Murman";"DZ";"DZ";"V-2";60
2002;"Macoma balthica";"East Murman";"DZ";"DZ";"V-3";60
2002;"Macoma balthica";"East Murman";"DZ";"DZ";"VI-1";60
2002;"Macoma balthica";"East Murman";"DZ";"DZ";"VI-2";60
2002;"Macoma balthica";"East Murman";"DZ";"DZ";"VI-3";0
2002;"Macoma balthica";"East Murman";"DZ";"DZ";"VII-1";180
2002;"Macoma balthica";"East Murman";"DZ";"DZ";"VII-2";60
2002;"Macoma balthica";"East Murman";"DZ";"DZ";"VII-3";30
2002;"Macoma balthica";"East Murman";"DZ";"DZ";"VIII-1";180
2002;"Macoma balthica";"East Murman";"DZ";"DZ";"VIII-2";30
2002;"Macoma balthica";"East Murman";"DZ";"DZ";"VIII-3";90
2003;"Macoma balthica";"East Murman";"DZ";"DZ";"I-1";0
2003;"Macoma balthica";"East Murman";"DZ";"DZ";"I-2";60
2003;"Macoma balthica";"East Murman";"DZ";"DZ";"I-3";0
2003;"Macoma balthica";"East Murman";"DZ";"DZ";"II-1";30
2003;"Macoma balthica";"East Murman";"DZ";"DZ";"II-2";0
2003;"Macoma balthica";"East Murman";"DZ";"DZ";"II-3";0
2003;"Macoma balthica";"East Murman";"DZ";"DZ";"III-1";30
2003;"Macoma balthica";"East Murman";"DZ";"DZ";"III-2";180
2003;"Macoma balthica";"East Murman";"DZ";"DZ";"III-3";60
2003;"Macoma balthica";"East Murman";"DZ";"DZ";"IV-1";60
2003;"Macoma balthica";"East Murman";"DZ";"DZ";"IV-2";0
2003;"Macoma balthica";"East Murman";"DZ";"DZ";"IV-3";20
2003;"Macoma balthica";"East Murman";"DZ";"DZ";"mr11";0
2003;"Macoma balthica";"East Murman";"DZ";"DZ";"mr13";0
2003;"Macoma balthica";"East Murman";"DZ";"DZ";"mr14";0
2003;"Macoma balthica";"East Murman";"DZ";"DZ";"mr15";0
2003;"Macoma balthica";"East Murman";"DZ";"DZ";"mr16";0
2003;"Macoma balthica";"East Murman";"DZ";"DZ";"mr18";0
2003;"Macoma balthica";"East Murman";"DZ";"DZ";"mr19";80
2003;"Macoma balthica";"East Murman";"DZ";"DZ";"mr20";100
2003;"Macoma balthica";"East Murman";"DZ";"DZ";"mr21";10
2003;"Macoma balthica";"East Murman";"DZ";"DZ";"mr22";10
2003;"Macoma balthica";"East Murman";"DZ";"DZ";"mr25";10
2003;"Macoma balthica";"East Murman";"DZ";"DZ";"mr6";0
2003;"Macoma balthica";"East Murman";"DZ";"DZ";"mr8";0
2003;"Macoma balthica";"East Murman";"DZ";"DZ";"mr9";0
2003;"Macoma balthica";"East Murman";"DZ";"DZ";"V-1";30
2003;"Macoma balthica";"East Murman";"DZ";"DZ";"V-2";60
2003;"Macoma balthica";"East Murman";"DZ";"DZ";"V-3";0
2003;"Macoma balthica";"East Murman";"DZ";"DZ";"VI-1";30
2003;"Macoma balthica";"East Murman";"DZ";"DZ";"VI-2";120
2003;"Macoma balthica";"East Murman";"DZ";"DZ";"VI-3";30
2003;"Macoma balthica";"East Murman";"DZ";"DZ";"VII-1";90
2003;"Macoma balthica";"East Murman";"DZ";"DZ";"VII-2";120
2003;"Macoma balthica";"East Murman";"DZ";"DZ";"VII-3";120
2003;"Macoma balthica";"East Murman";"DZ";"DZ";"VIII-1";0
2003;"Macoma balthica";"East Murman";"DZ";"DZ";"VIII-2";0
2003;"Macoma balthica";"East Murman";"DZ";"DZ";"VIII-3";30
2004;"Macoma balthica";"East Murman";"DZ";"DZ";"I-1";60
2004;"Macoma balthica";"East Murman";"DZ";"DZ";"I-2";30
2004;"Macoma balthica";"East Murman";"DZ";"DZ";"I-3";90
2004;"Macoma balthica";"East Murman";"DZ";"DZ";"II-1";0
2004;"Macoma balthica";"East Murman";"DZ";"DZ";"II-2";0
2004;"Macoma balthica";"East Murman";"DZ";"DZ";"II-3";0
2004;"Macoma balthica";"East Murman";"DZ";"DZ";"III-1";120
2004;"Macoma balthica";"East Murman";"DZ";"DZ";"III-2";60
2004;"Macoma balthica";"East Murman";"DZ";"DZ";"III-3";30
2004;"Macoma balthica";"East Murman";"DZ";"DZ";"M-1";10
2004;"Macoma balthica";"East Murman";"DZ";"DZ";"M-11";10
2004;"Macoma balthica";"East Murman";"DZ";"DZ";"M-13";80
2004;"Macoma balthica";"East Murman";"DZ";"DZ";"M-14";30
2004;"Macoma balthica";"East Murman";"DZ";"DZ";"M-16";30
2004;"Macoma balthica";"East Murman";"DZ";"DZ";"M-17";10
2004;"Macoma balthica";"East Murman";"DZ";"DZ";"M-18";10
2004;"Macoma balthica";"East Murman";"DZ";"DZ";"M-19";60
2004;"Macoma balthica";"East Murman";"DZ";"DZ";"M-2";10
2004;"Macoma balthica";"East Murman";"DZ";"DZ";"M-20";50
2004;"Macoma balthica";"East Murman";"DZ";"DZ";"M-21";20
2004;"Macoma balthica";"East Murman";"DZ";"DZ";"M-22";80
2004;"Macoma balthica";"East Murman";"DZ";"DZ";"M-23";30
2004;"Macoma balthica";"East Murman";"DZ";"DZ";"M-24";10
2004;"Macoma balthica";"East Murman";"DZ";"DZ";"M-3";10
2004;"Macoma balthica";"East Murman";"DZ";"DZ";"M-4";30
2004;"Macoma balthica";"East Murman";"DZ";"DZ";"M-6";30
2004;"Macoma balthica";"East Murman";"DZ";"DZ";"M-7";10
2004;"Macoma balthica";"East Murman";"DZ";"DZ";"M-8";30
2004;"Macoma balthica";"East Murman";"DZ";"DZ";"M-9";0
2005;"Macoma balthica";"East Murman";"DZ";"DZ";"I-1";30
2005;"Macoma balthica";"East Murman";"DZ";"DZ";"I-2";30
2005;"Macoma balthica";"East Murman";"DZ";"DZ";"I-3";0
2005;"Macoma balthica";"East Murman";"DZ";"DZ";"II-1";30
2005;"Macoma balthica";"East Murman";"DZ";"DZ";"II-2";0
2005;"Macoma balthica";"East Murman";"DZ";"DZ";"II-3";0
2005;"Macoma balthica";"East Murman";"DZ";"DZ";"III-1";30
2005;"Macoma balthica";"East Murman";"DZ";"DZ";"III-2";90
2005;"Macoma balthica";"East Murman";"DZ";"DZ";"III-3";90
2005;"Macoma balthica";"East Murman";"DZ";"DZ";"M-10";20
2005;"Macoma balthica";"East Murman";"DZ";"DZ";"M-11";10
2005;"Macoma balthica";"East Murman";"DZ";"DZ";"M-13";30
2005;"Macoma balthica";"East Murman";"DZ";"DZ";"M-14";70
2005;"Macoma balthica";"East Murman";"DZ";"DZ";"M-15";60
2005;"Macoma balthica";"East Murman";"DZ";"DZ";"M-16";20
2005;"Macoma balthica";"East Murman";"DZ";"DZ";"M-18";10
2005;"Macoma balthica";"East Murman";"DZ";"DZ";"M-19";30
2005;"Macoma balthica";"East Murman";"DZ";"DZ";"M-20";40
2005;"Macoma balthica";"East Murman";"DZ";"DZ";"M-21";70
2005;"Macoma balthica";"East Murman";"DZ";"DZ";"M-22";30
2005;"Macoma balthica";"East Murman";"DZ";"DZ";"M-23";30
2005;"Macoma balthica";"East Murman";"DZ";"DZ";"M-24";20
2005;"Macoma balthica";"East Murman";"DZ";"DZ";"M-25";10
2005;"Macoma balthica";"East Murman";"DZ";"DZ";"M-3";20
2005;"Macoma balthica";"East Murman";"DZ";"DZ";"M-4";10
2005;"Macoma balthica";"East Murman";"DZ";"DZ";"M-5";10
2005;"Macoma balthica";"East Murman";"DZ";"DZ";"M-6";50
2005;"Macoma balthica";"East Murman";"DZ";"DZ";"M-7";10
2005;"Macoma balthica";"East Murman";"DZ";"DZ";"M-8";40
2005;"Macoma balthica";"East Murman";"DZ";"DZ";"M-9";10
2006;"Macoma balthica";"East Murman";"DZ";"DZ";"I-2";30
2006;"Macoma balthica";"East Murman";"DZ";"DZ";"II-2";30
2006;"Macoma balthica";"East Murman";"DZ";"DZ";"II-3";60
2006;"Macoma balthica";"East Murman";"DZ";"DZ";"III-1";60
2006;"Macoma balthica";"East Murman";"DZ";"DZ";"III-2";120
2006;"Macoma balthica";"East Murman";"DZ";"DZ";"III-3";60
2006;"Macoma balthica";"East Murman";"DZ";"DZ";"M-1";10
2006;"Macoma balthica";"East Murman";"DZ";"DZ";"M-11";30
2006;"Macoma balthica";"East Murman";"DZ";"DZ";"M-13";90
2006;"Macoma balthica";"East Murman";"DZ";"DZ";"M-14";10
2006;"Macoma balthica";"East Murman";"DZ";"DZ";"M-15";70
2006;"Macoma balthica";"East Murman";"DZ";"DZ";"M-16";60
2006;"Macoma balthica";"East Murman";"DZ";"DZ";"M-17";20
2006;"Macoma balthica";"East Murman";"DZ";"DZ";"M-18";40
2006;"Macoma balthica";"East Murman";"DZ";"DZ";"M-19";10
2006;"Macoma balthica";"East Murman";"DZ";"DZ";"M-2";20
2006;"Macoma balthica";"East Murman";"DZ";"DZ";"M-20";110
2006;"Macoma balthica";"East Murman";"DZ";"DZ";"M-21";50
2006;"Macoma balthica";"East Murman";"DZ";"DZ";"M-22";60
2006;"Macoma balthica";"East Murman";"DZ";"DZ";"M-23";10
2006;"Macoma balthica";"East Murman";"DZ";"DZ";"M-24";20
2006;"Macoma balthica";"East Murman";"DZ";"DZ";"M-25";40
2006;"Macoma balthica";"East Murman";"DZ";"DZ";"M-3";10
2006;"Macoma balthica";"East Murman";"DZ";"DZ";"M-5";30
2006;"Macoma balthica";"East Murman";"DZ";"DZ";"M-6";10
2006;"Macoma balthica";"East Murman";"DZ";"DZ";"M-7";10
2006;"Macoma balthica";"East Murman";"DZ";"DZ";"M-8";0
2006;"Macoma balthica";"East Murman";"DZ";"DZ";"M-9";10
2007;"Macoma balthica";"East Murman";"DZ";"DZ";"10m2";60
2007;"Macoma balthica";"East Murman";"DZ";"DZ";"10m3";90
2007;"Macoma balthica";"East Murman";"DZ";"DZ";"11m1";60
2007;"Macoma balthica";"East Murman";"DZ";"DZ";"11m3";120
2007;"Macoma balthica";"East Murman";"DZ";"DZ";"12m1";60
2007;"Macoma balthica";"East Murman";"DZ";"DZ";"12m2";30
2007;"Macoma balthica";"East Murman";"DZ";"DZ";"12m3";90
2007;"Macoma balthica";"East Murman";"DZ";"DZ";"1m1";60
2007;"Macoma balthica";"East Murman";"DZ";"DZ";"1m3";90
2007;"Macoma balthica";"East Murman";"DZ";"DZ";"2m1";90
2007;"Macoma balthica";"East Murman";"DZ";"DZ";"2m2";90
2007;"Macoma balthica";"East Murman";"DZ";"DZ";"2m3";60
2007;"Macoma balthica";"East Murman";"DZ";"DZ";"3m1";150
2007;"Macoma balthica";"East Murman";"DZ";"DZ";"3m2";90
2007;"Macoma balthica";"East Murman";"DZ";"DZ";"4m1";60
2007;"Macoma balthica";"East Murman";"DZ";"DZ";"4m2";90
2007;"Macoma balthica";"East Murman";"DZ";"DZ";"5m1";30
2007;"Macoma balthica";"East Murman";"DZ";"DZ";"5m3";30
2007;"Macoma balthica";"East Murman";"DZ";"DZ";"6m2";90
2007;"Macoma balthica";"East Murman";"DZ";"DZ";"6m3";30
2007;"Macoma balthica";"East Murman";"DZ";"DZ";"7m1";30
2007;"Macoma balthica";"East Murman";"DZ";"DZ";"7m3";120
2007;"Macoma balthica";"East Murman";"DZ";"DZ";"8m2";30
2007;"Macoma balthica";"East Murman";"DZ";"DZ";"8m3";60
2007;"Macoma balthica";"East Murman";"DZ";"DZ";"9m1";60
2007;"Macoma balthica";"East Murman";"DZ";"DZ";"9m2";60
2007;"Macoma balthica";"East Murman";"DZ";"DZ";"9m3";30
2007;"Macoma balthica";"East Murman";"DZ";"DZ";"I-1";150
2007;"Macoma balthica";"East Murman";"DZ";"DZ";"I-2";30
2007;"Macoma balthica";"East Murman";"DZ";"DZ";"II-2";30
2007;"Macoma balthica";"East Murman";"DZ";"DZ";"III-1";30
2007;"Macoma balthica";"East Murman";"DZ";"DZ";"III-2";150
2007;"Macoma balthica";"East Murman";"DZ";"DZ";"III-3";120
2008;"Macoma balthica";"East Murman";"DZ";"DZ";"13m1";30
2008;"Macoma balthica";"East Murman";"DZ";"DZ";"13m2";30
2008;"Macoma balthica";"East Murman";"DZ";"DZ";"13m3";90
2008;"Macoma balthica";"East Murman";"DZ";"DZ";"14m1";90
2008;"Macoma balthica";"East Murman";"DZ";"DZ";"14m2";120
2008;"Macoma balthica";"East Murman";"DZ";"DZ";"14m3";30
2008;"Macoma balthica";"East Murman";"DZ";"DZ";"15m1";180
2008;"Macoma balthica";"East Murman";"DZ";"DZ";"15m3";120
2008;"Macoma balthica";"East Murman";"DZ";"DZ";"16m3";60
2008;"Macoma balthica";"East Murman";"DZ";"DZ";"17m1";60
2008;"Macoma balthica";"East Murman";"DZ";"DZ";"17m2";30
2008;"Macoma balthica";"East Murman";"DZ";"DZ";"17m3";90
2008;"Macoma balthica";"East Murman";"DZ";"DZ";"18m1";60
2008;"Macoma balthica";"East Murman";"DZ";"DZ";"18m3";120
2008;"Macoma balthica";"East Murman";"DZ";"DZ";"19m1";90
2008;"Macoma balthica";"East Murman";"DZ";"DZ";"19m2";30
2008;"Macoma balthica";"East Murman";"DZ";"DZ";"19m3";60
2008;"Macoma balthica";"East Murman";"DZ";"DZ";"20m2";30
2008;"Macoma balthica";"East Murman";"DZ";"DZ";"20m3";60
2008;"Macoma balthica";"East Murman";"DZ";"DZ";"21m1";30
2008;"Macoma balthica";"East Murman";"DZ";"DZ";"21m2";150
2008;"Macoma balthica";"East Murman";"DZ";"DZ";"21m3";120
2008;"Macoma balthica";"East Murman";"DZ";"DZ";"22m1";180
2008;"Macoma balthica";"East Murman";"DZ";"DZ";"22m2";30
2008;"Macoma balthica";"East Murman";"DZ";"DZ";"22m3";30
2008;"Macoma balthica";"East Murman";"DZ";"DZ";"23m1";90
2008;"Macoma balthica";"East Murman";"DZ";"DZ";"23m2";60
2008;"Macoma balthica";"East Murman";"DZ";"DZ";"23m3";30
2008;"Macoma balthica";"East Murman";"DZ";"DZ";"24m1";30
2008;"Macoma balthica";"East Murman";"DZ";"DZ";"24m2";30
2008;"Macoma balthica";"East Murman";"Gavrilovo";"GV";6;30
2008;"Macoma balthica";"East Murman";"Gavrilovo";"GV";7;60
2008;"Macoma balthica";"East Murman";"Gavrilovo";"GV";8;0
2008;"Macoma balthica";"East Murman";"Gavrilovo";"GV";9;0
2008;"Macoma balthica";"East Murman";"Gavrilovo";"GV";10;30
2008;"Macoma balthica";"East Murman";"Gavrilovo";"GV";1;90
2008;"Macoma balthica";"East Murman";"Gavrilovo";"GV";2;150
2008;"Macoma balthica";"East Murman";"Gavrilovo";"GV";3;120
2008;"Macoma balthica";"East Murman";"Gavrilovo";"GV";4;120
2008;"Macoma balthica";"East Murman";"Gavrilovo";"GV";5;210
2008;"Macoma balthica";"East Murman";"Ivanovskaya";"IV";1;1100
2008;"Macoma balthica";"East Murman";"Ivanovskaya";"IV";2;1440
2008;"Macoma balthica";"East Murman";"Ivanovskaya";"IV";3;1100
2008;"Macoma balthica";"East Murman";"Ivanovskaya";"IV";4;1080
2008;"Macoma balthica";"East Murman";"Ivanovskaya";"IV";5;1320
2007;"Macoma balthica";"Kola bay";"Pala";"PL";1;840
2007;"Macoma balthica";"Kola bay";"Pala";"PL";2;600
2007;"Macoma balthica";"Kola bay";"Pala";"PL";3;900
2007;"Macoma balthica";"Kola bay";"Pala";"PL";4;810
2007;"Macoma balthica";"Kola bay";"Pala";"PL";5;990
2007;"Macoma balthica";"Kola bay";"Pala";"PL";6;1080
2007;"Macoma balthica";"Kola bay";"Pala";"PL";7;1260
2007;"Macoma balthica";"Kola bay";"Pala";"PL";8;600
2007;"Macoma balthica";"Kola bay";"Pala";"PL";9;1380
2007;"Macoma balthica";"Kola bay";"Pala";"PL";10;1380
2007;"Macoma balthica";"Kola bay";"Pala";"PL";11;1170
2007;"Macoma balthica";"Kola bay";"Pala";"PL";12;630
2007;"Macoma balthica";"Kola bay";"Pala";"PL";13;840
2007;"Macoma balthica";"Kola bay";"Pala";"PL";14;1350
2007;"Macoma balthica";"Kola bay";"Pala";"PL";15;690
2007;"Macoma balthica";"Kola bay";"Pala";"PL";16;450
2008;"Macoma balthica";"Kola bay";"Pala";"PL";1;2310
2008;"Macoma balthica";"Kola bay";"Pala";"PL";2;2190
2008;"Macoma balthica";"Kola bay";"Pala";"PL";3;1770
2008;"Macoma balthica";"Kola bay";"Pala";"PL";4;1800
2008;"Macoma balthica";"Kola bay";"Pala";"PL";5;2520
2008;"Macoma balthica";"Kola bay";"Pala";"PL";6;1290
2008;"Macoma balthica";"Kola bay";"Pala";"PL";7;990
2008;"Macoma balthica";"Kola bay";"Pala";"PL";8;1830
2008;"Macoma balthica";"Kola bay";"Pala";"PL";9;870
2008;"Macoma balthica";"Kola bay";"Pala";"PL";10;870
2007;"Macoma balthica";"Kola bay";"Pala";"PL";1;1200
2007;"Macoma balthica";"Kola bay";"Pala";"PL";2;510
2007;"Macoma balthica";"Kola bay";"Pala";"PL";3;1560
2007;"Macoma balthica";"Kola bay";"Pala";"PL";4;960
2007;"Macoma balthica";"Kola bay";"Pala";"PL";5;840
2007;"Macoma balthica";"Kola bay";"Pala";"PL";6;720
2007;"Macoma balthica";"Kola bay";"Pala";"PL";7;630
2007;"Macoma balthica";"Kola bay";"Pala";"PL";8;930
2007;"Macoma balthica";"Kola bay";"Pala";"PL";9;540
2007;"Macoma balthica";"Kola bay";"Pala";"PL";10;750
2007;"Macoma balthica";"Kola bay";"Pala";"PL";11;720
2007;"Macoma balthica";"Kola bay";"Pala";"PL";12;600
2007;"Macoma balthica";"Kola bay";"Pala";"PL";13;600
2007;"Macoma balthica";"Kola bay";"Pala";"PL";14;420
2007;"Macoma balthica";"Kola bay";"Pala";"PL";15;360
2007;"Macoma balthica";"Kola bay";"Pala";"PL";16;810
2007;"Macoma balthica";"Kola bay";"Pala";"PL";17;510
2007;"Macoma balthica";"Kola bay";"Pala";"PL";18;300
2007;"Macoma balthica";"Kola bay";"Pala";"PL";19;840
2007;"Macoma balthica";"Kola bay";"Pala";"PL";20;660
2007;"Macoma balthica";"Kola bay";"Pala";"PL";21;780
2007;"Macoma balthica";"Kola bay";"Pala";"PL";22;1350
2007;"Macoma balthica";"Kola bay";"Pala";"PL";23;1320
2007;"Macoma balthica";"Kola bay";"Pala";"PL";24;630
2007;"Macoma balthica";"Kola bay";"Pala";"PL";25;1260
2007;"Macoma balthica";"Kola bay";"Pala";"PL";26;1650
2007;"Macoma balthica";"Kola bay";"Pala";"PL";27;1440
2007;"Macoma balthica";"Kola bay";"Pala";"PL";28;630
2007;"Macoma balthica";"Kola bay";"Pala";"PL";29;660
2007;"Macoma balthica";"Kola bay";"Pala";"PL";30;1350
2007;"Macoma balthica";"Kola bay";"Pala";"PL";31;600
2007;"Macoma balthica";"Kola bay";"Pala";"PL";32;720
2007;"Macoma balthica";"Kola bay";"Pala";"PL";33;540
2007;"Macoma balthica";"Kola bay";"Pala";"PL";34;420
2007;"Macoma balthica";"Kola bay";"Pala";"PL";35;210
2007;"Macoma balthica";"Kola bay";"Pala";"PL";36;420
2008;"Macoma balthica";"Kola bay";"Pala";"PL";1;520
2008;"Macoma balthica";"Kola bay";"Pala";"PL";2;520
2008;"Macoma balthica";"Kola bay";"Pala";"PL";3;1360
2008;"Macoma balthica";"Kola bay";"Pala";"PL";4;1080
2008;"Macoma balthica";"Kola bay";"Pala";"PL";5;800
2008;"Macoma balthica";"Kola bay";"Pala";"PL";6;1140
2008;"Macoma balthica";"Kola bay";"Pala";"PL";7;840
2008;"Macoma balthica";"Kola bay";"Pala";"PL";8;820
2008;"Macoma balthica";"Kola bay";"Pala";"PL";9;280
2008;"Macoma balthica";"Kola bay";"Pala";"PL";10;1960
2008;"Macoma balthica";"Kola bay";"Pala";"PL";11;180
2007;"Macoma balthica";"East Murman";"Porchnikha";"PR";1;90
2007;"Macoma balthica";"East Murman";"Porchnikha";"PR";2;0
2007;"Macoma balthica";"East Murman";"Porchnikha";"PR";3;120
2007;"Macoma balthica";"East Murman";"Porchnikha";"PR";4;90
2007;"Macoma balthica";"East Murman";"Porchnikha";"PR";5;60
2007;"Macoma balthica";"East Murman";"Porchnikha";"PR";6;0
2007;"Macoma balthica";"East Murman";"Porchnikha";"PR";7;120
2007;"Macoma balthica";"East Murman";"Porchnikha";"PR";8;30
2007;"Macoma balthica";"East Murman";"Porchnikha";"PR";9;60
2007;"Macoma balthica";"East Murman";"Porchnikha";"PR";10;30
2007;"Macoma balthica";"East Murman";"Porchnikha";"PR";11;60
2007;"Macoma balthica";"East Murman";"Porchnikha";"PR";12;150
2007;"Macoma balthica";"East Murman";"Porchnikha";"PR";13;120
2007;"Macoma balthica";"East Murman";"Porchnikha";"PR";14;150
2007;"Macoma balthica";"East Murman";"Porchnikha";"PR";15;120
2007;"Macoma balthica";"East Murman";"Porchnikha";"PR";16;30
2007;"Macoma balthica";"East Murman";"Porchnikha";"PR";17;90
2007;"Macoma balthica";"East Murman";"Porchnikha";"PR";18;210
2007;"Macoma balthica";"East Murman";"Porchnikha";"PR";19;30
2007;"Macoma balthica";"East Murman";"Porchnikha";"PR";20;30
2007;"Macoma balthica";"East Murman";"Porchnikha";"PR";21;120
2007;"Macoma balthica";"East Murman";"Porchnikha";"PR";22;150
2007;"Macoma balthica";"East Murman";"Porchnikha";"PR";23;150
2007;"Macoma balthica";"East Murman";"Porchnikha";"PR";24;60
2007;"Macoma balthica";"East Murman";"Porchnikha";"PR";25;270
2007;"Macoma balthica";"East Murman";"Porchnikha";"PR";26;90
2007;"Macoma balthica";"East Murman";"Porchnikha";"PR";27;90
2007;"Macoma balthica";"East Murman";"Porchnikha";"PR";28;0
2007;"Macoma balthica";"East Murman";"Porchnikha";"PR";29;90
2007;"Macoma balthica";"East Murman";"Porchnikha";"PR";30;90
2007;"Macoma balthica";"East Murman";"Porchnikha";"PR";31;60
2007;"Macoma balthica";"East Murman";"Porchnikha";"PR";32;30
2008;"Macoma balthica";"East Murman";"Porchnikha";"PR";1;30
2008;"Macoma balthica";"East Murman";"Porchnikha";"PR";2;30
2008;"Macoma balthica";"East Murman";"Porchnikha";"PR";3;90
2008;"Macoma balthica";"East Murman";"Porchnikha";"PR";4;90
2008;"Macoma balthica";"East Murman";"Porchnikha";"PR";5;60
2008;"Macoma balthica";"East Murman";"Shelpino";"SH";6;60
2008;"Macoma balthica";"East Murman";"Shelpino";"SH";7;90
2008;"Macoma balthica";"East Murman";"Shelpino";"SH";8;0
2008;"Macoma balthica";"East Murman";"Shelpino";"SH";9;0
2008;"Macoma balthica";"East Murman";"Shelpino";"SH";10;30
2008;"Macoma balthica";"East Murman";"Shelpino";"SH";1;90
2008;"Macoma balthica";"East Murman";"Shelpino";"SH";2;60
2008;"Macoma balthica";"East Murman";"Shelpino";"SH";3;30
2008;"Macoma balthica";"East Murman";"Shelpino";"SH";4;30
2008;"Macoma balthica";"East Murman";"Shelpino";"SH";5;60
2007;"Macoma balthica";"East Murman";"Yarnyshnaya";"YA";1;120
2007;"Macoma balthica";"East Murman";"Yarnyshnaya";"YA";2;150
2007;"Macoma balthica";"East Murman";"Yarnyshnaya";"YA";3;90
2007;"Macoma balthica";"East Murman";"Yarnyshnaya";"YA";4;0
2007;"Macoma balthica";"East Murman";"Yarnyshnaya";"YA";5;90
2007;"Macoma balthica";"East Murman";"Yarnyshnaya";"YA";6;180
2007;"Macoma balthica";"East Murman";"Yarnyshnaya";"YA";7;60
2007;"Macoma balthica";"East Murman";"Yarnyshnaya";"YA";8;0
2007;"Macoma balthica";"East Murman";"Yarnyshnaya";"YA";9;30
2007;"Macoma balthica";"East Murman";"Yarnyshnaya";"YA";10;30
2007;"Macoma balthica";"East Murman";"Yarnyshnaya";"YA";11;30
2007;"Macoma balthica";"East Murman";"Yarnyshnaya";"YA";12;0
2007;"Macoma balthica";"East Murman";"Yarnyshnaya";"YA";13;180
2007;"Macoma balthica";"East Murman";"Yarnyshnaya";"YA";14;90
2007;"Macoma balthica";"East Murman";"Yarnyshnaya";"YA";15;0
2007;"Macoma balthica";"East Murman";"Yarnyshnaya";"YA";16;90
2007;"Macoma balthica";"East Murman";"Yarnyshnaya";"YA";17;30
2007;"Macoma balthica";"East Murman";"Yarnyshnaya";"YA";18;90
2007;"Macoma balthica";"East Murman";"Yarnyshnaya";"YA";19;60
2007;"Macoma balthica";"East Murman";"Yarnyshnaya";"YA";20;30
2007;"Macoma balthica";"East Murman";"Yarnyshnaya";"YA";21;30
2007;"Macoma balthica";"East Murman";"Yarnyshnaya";"YA";22;120
2007;"Macoma balthica";"East Murman";"Yarnyshnaya";"YA";23;0
2007;"Macoma balthica";"East Murman";"Yarnyshnaya";"YA";24;60
2007;"Macoma balthica";"East Murman";"Yarnyshnaya";"YA";25;60
2007;"Macoma balthica";"East Murman";"Yarnyshnaya";"YA";26;60
2007;"Macoma balthica";"East Murman";"Yarnyshnaya";"YA";27;210
2007;"Macoma balthica";"East Murman";"Yarnyshnaya";"YA";28;0
2007;"Macoma balthica";"East Murman";"Yarnyshnaya";"YA";29;90
2007;"Macoma balthica";"East Murman";"Yarnyshnaya";"YA";30;120
2007;"Macoma balthica";"East Murman";"Yarnyshnaya";"YA";31;150
2007;"Macoma balthica";"East Murman";"Yarnyshnaya";"YA";32;120
2007;"Macoma balthica";"East Murman";"Yarnyshnaya";"YA";33;60
2007;"Macoma balthica";"East Murman";"Yarnyshnaya";"YA";34;0
2007;"Macoma balthica";"East Murman";"Yarnyshnaya";"YA";35;60
2007;"Macoma balthica";"East Murman";"Yarnyshnaya";"YA";36;30
2008;"Macoma balthica";"East Murman";"Yarnyshnaya";"YA";1;570
2008;"Macoma balthica";"East Murman";"Yarnyshnaya";"YA";2;330
2008;"Macoma balthica";"East Murman";"Yarnyshnaya";"YA";3;360
2008;"Macoma balthica";"East Murman";"Yarnyshnaya";"YA";4;330
2008;"Macoma balthica";"East Murman";"Yarnyshnaya";"YA";5;480
2008;"Macoma balthica";"East Murman";"Yarnyshnaya";"YA";6;300
2008;"Macoma balthica";"East Murman";"Yarnyshnaya";"YA";7;60
2008;"Macoma balthica";"East Murman";"Yarnyshnaya";"YA";8;960
2008;"Macoma balthica";"East Murman";"Yarnyshnaya";"YA";9;240
2008;"Macoma balthica";"East Murman";"Yarnyshnaya";"YA";10;240
2005;"Macoma balthica";"Kola bay";"Abram";"AB";"mk31";2830
2005;"Macoma balthica";"Kola bay";"Abram";"AB";"mk32";3870
2005;"Macoma balthica";"Kola bay";"Nagornoe";"NG";"mk33";480
2005;"Macoma balthica";"Kola bay";"Nagornoe";"NG";"mk34";300
2005;"Macoma balthica";"Kola bay";"Retinskoe";"RT";"mk35";960
2005;"Macoma balthica";"Kola bay";"Retinskoe";"RT";"mk36";360
2005;"Macoma balthica";"West Murman";"Ura";"UR";"ura1";1720
2005;"Macoma balthica";"West Murman";"Ura";"UR";"ura2";730
2005;"Macoma balthica";"West Murman";"Ura";"UR";"ura3";1350
2008;"Macoma balthica";"East Murman";"DZ";"DZ";1;30
2008;"Macoma balthica";"East Murman";"DZ";"DZ";2;90
2008;"Macoma balthica";"East Murman";"DZ";"DZ";3;60
2008;"Macoma balthica";"East Murman";"DZ";"DZ";4;30
2008;"Macoma balthica";"East Murman";"DZ";"DZ";5;0
2008;"Macoma balthica";"East Murman";"DZ";"DZ";6;0
2008;"Macoma balthica";"East Murman";"DZ";"DZ";7;30
2008;"Macoma balthica";"East Murman";"DZ";"DZ";8;0
2008;"Macoma balthica";"East Murman";"DZ";"DZ";9;30
2008;"Macoma balthica";"East Murman";"DZ";"DZ";10;30
2008;"Macoma balthica";"East Murman";"DZ";"DZ";1;30
2008;"Macoma balthica";"East Murman";"DZ";"DZ";2;60
2008;"Macoma balthica";"East Murman";"DZ";"DZ";3;30
2008;"Macoma balthica";"East Murman";"DZ";"DZ";4;60
2008;"Macoma balthica";"East Murman";"DZ";"DZ";5;30
2005;"Macoma balthica";"West Murman";"Pechenga";"PG";1;600
2005;"Macoma balthica";"West Murman";"Pechenga";"PG";2;1200
2005;"Macoma balthica";"West Murman";"Pechenga";"PG";3;500
2008;"Macoma balthica";"East Murman";"DZ";"DZ";"1m1";60
2008;"Macoma balthica";"East Murman";"DZ";"DZ";"1m2";90
2008;"Macoma balthica";"East Murman";"DZ";"DZ";"1m3";90
2008;"Macoma balthica";"East Murman";"DZ";"DZ";"2m1";0
2008;"Macoma balthica";"East Murman";"DZ";"DZ";"2m2";60
2008;"Macoma balthica";"East Murman";"DZ";"DZ";"2m3";180
2008;"Macoma balthica";"East Murman";"DZ";"DZ";"3m1";120
2008;"Macoma balthica";"East Murman";"DZ";"DZ";"3m2";210
2008;"Macoma balthica";"East Murman";"DZ";"DZ";"3m3";0
2008;"Macoma balthica";"East Murman";"DZ";"DZ";"4m1";30
2008;"Macoma balthica";"East Murman";"DZ";"DZ";"4m2";0
2008;"Macoma balthica";"East Murman";"DZ";"DZ";"4m3";120
2008;"Macoma balthica";"East Murman";"DZ";"DZ";"5m1";0
2008;"Macoma balthica";"East Murman";"DZ";"DZ";"5m2";90
2008;"Macoma balthica";"East Murman";"DZ";"DZ";"5m3";30
2008;"Macoma balthica";"East Murman";"DZ";"DZ";"6m1";60
2008;"Macoma balthica";"East Murman";"DZ";"DZ";"6m2";30
2008;"Macoma balthica";"East Murman";"DZ";"DZ";"6m3";150
2008;"Macoma balthica";"East Murman";"DZ";"DZ";"7m1";120
2008;"Macoma balthica";"East Murman";"DZ";"DZ";"7m2";120
2008;"Macoma balthica";"East Murman";"DZ";"DZ";"7m3";210
2008;"Macoma balthica";"East Murman";"DZ";"DZ";"8m1";30
2008;"Macoma balthica";"East Murman";"DZ";"DZ";"8m2";0
2008;"Macoma balthica";"East Murman";"DZ";"DZ";"8m3";90
2008;"Macoma balthica";"East Murman";"DZ";"DZ";"9m1";90
2008;"Macoma balthica";"East Murman";"DZ";"DZ";"9m2";60
2008;"Macoma balthica";"East Murman";"DZ";"DZ";"9m3";120
2008;"Macoma balthica";"East Murman";"DZ";"DZ";"10m1";0
2008;"Macoma balthica";"East Murman";"DZ";"DZ";"10m2";60
2008;"Macoma balthica";"East Murman";"DZ";"DZ";"10m3";270
2008;"Macoma balthica";"East Murman";"DZ";"DZ";"11m1";30
2008;"Macoma balthica";"East Murman";"DZ";"DZ";"11m2";90
2008;"Macoma balthica";"East Murman";"DZ";"DZ";"11m3";90
2008;"Macoma balthica";"East Murman";"DZ";"DZ";"12m1";60
2008;"Macoma balthica";"East Murman";"DZ";"DZ";"12m2";30
2008;"Macoma balthica";"East Murman";"DZ";"DZ";"12m3";90
