area;year;tidal_level;sample;N2.indd.sqmeter;sea;region
Abram;2008;low;6;2040;Barents;Kola_bay
Abram;2008;low;7;1640;Barents;Kola_bay
Abram;2008;low;8;1780;Barents;Kola_bay
Abram;2008;low;9;1640;Barents;Kola_bay
Abram;2008;low;10;1920;Barents;Kola_bay
Abram;2008;middle;1;880;Barents;Kola_bay
Abram;2008;middle;2;60;Barents;Kola_bay
Abram;2008;middle;3;480;Barents;Kola_bay
Abram;2008;middle;4;140;Barents;Kola_bay
Abram;2008;middle;5;1140;Barents;Kola_bay
DZ;2002;middle;I-1;0;Barents;East_Murman
DZ;2002;middle;I-2;0;Barents;East_Murman
DZ;2002;middle;I-3;60;Barents;East_Murman
DZ;2002;middle;II-1;30;Barents;East_Murman
DZ;2002;middle;II-2;0;Barents;East_Murman
DZ;2002;middle;II-3;30;Barents;East_Murman
DZ;2002;middle;III-1;150;Barents;East_Murman
DZ;2002;middle;III-2;60;Barents;East_Murman
DZ;2002;middle;III-3;0;Barents;East_Murman
DZ;2002;middle;IV-1;60;Barents;East_Murman
DZ;2002;middle;IV-2;60;Barents;East_Murman
DZ;2002;middle;IV-3;120;Barents;East_Murman
DZ;2002;middle;mr11;10;Barents;East_Murman
DZ;2002;middle;mr13;40;Barents;East_Murman
DZ;2002;middle;mr14;30;Barents;East_Murman
DZ;2002;middle;mr15;60;Barents;East_Murman
DZ;2002;middle;mr16;10;Barents;East_Murman
DZ;2002;middle;mr18;20;Barents;East_Murman
DZ;2002;middle;mr19;40;Barents;East_Murman
DZ;2002;middle;mr6;50;Barents;East_Murman
DZ;2002;middle;mr8;40;Barents;East_Murman
DZ;2002;middle;mr9;40;Barents;East_Murman
DZ;2002;middle;V-1;60;Barents;East_Murman
DZ;2002;middle;V-2;60;Barents;East_Murman
DZ;2002;middle;V-3;60;Barents;East_Murman
DZ;2002;middle;VI-1;60;Barents;East_Murman
DZ;2002;middle;VI-2;60;Barents;East_Murman
DZ;2002;middle;VI-3;0;Barents;East_Murman
DZ;2002;middle;VII-1;180;Barents;East_Murman
DZ;2002;middle;VII-2;60;Barents;East_Murman
DZ;2002;middle;VII-3;30;Barents;East_Murman
DZ;2002;middle;VIII-1;180;Barents;East_Murman
DZ;2002;middle;VIII-2;30;Barents;East_Murman
DZ;2002;middle;VIII-3;90;Barents;East_Murman
DZ;2003;middle;I-1;0;Barents;East_Murman
DZ;2003;middle;I-2;60;Barents;East_Murman
DZ;2003;middle;I-3;0;Barents;East_Murman
DZ;2003;middle;II-1;30;Barents;East_Murman
DZ;2003;middle;II-2;0;Barents;East_Murman
DZ;2003;middle;II-3;0;Barents;East_Murman
DZ;2003;middle;III-1;30;Barents;East_Murman
DZ;2003;middle;III-2;180;Barents;East_Murman
DZ;2003;middle;III-3;60;Barents;East_Murman
DZ;2003;middle;IV-1;60;Barents;East_Murman
DZ;2003;middle;IV-2;0;Barents;East_Murman
DZ;2003;middle;IV-3;20;Barents;East_Murman
DZ;2003;middle;mr11;0;Barents;East_Murman
DZ;2003;middle;mr13;0;Barents;East_Murman
DZ;2003;middle;mr14;0;Barents;East_Murman
DZ;2003;middle;mr15;0;Barents;East_Murman
DZ;2003;middle;mr16;0;Barents;East_Murman
DZ;2003;middle;mr18;0;Barents;East_Murman
DZ;2003;middle;mr19;80;Barents;East_Murman
DZ;2003;middle;mr20;100;Barents;East_Murman
DZ;2003;middle;mr21;10;Barents;East_Murman
DZ;2003;middle;mr22;10;Barents;East_Murman
DZ;2003;middle;mr25;10;Barents;East_Murman
DZ;2003;middle;mr6;0;Barents;East_Murman
DZ;2003;middle;mr8;0;Barents;East_Murman
DZ;2003;middle;mr9;0;Barents;East_Murman
DZ;2003;middle;V-1;30;Barents;East_Murman
DZ;2003;middle;V-2;60;Barents;East_Murman
DZ;2003;middle;V-3;0;Barents;East_Murman
DZ;2003;middle;VI-1;30;Barents;East_Murman
DZ;2003;middle;VI-2;120;Barents;East_Murman
DZ;2003;middle;VI-3;30;Barents;East_Murman
DZ;2003;middle;VII-1;90;Barents;East_Murman
DZ;2003;middle;VII-2;120;Barents;East_Murman
DZ;2003;middle;VII-3;120;Barents;East_Murman
DZ;2003;middle;VIII-1;0;Barents;East_Murman
DZ;2003;middle;VIII-2;0;Barents;East_Murman
DZ;2003;middle;VIII-3;30;Barents;East_Murman
DZ;2004;middle;I-1;60;Barents;East_Murman
DZ;2004;middle;I-2;30;Barents;East_Murman
DZ;2004;middle;I-3;90;Barents;East_Murman
DZ;2004;middle;II-1;0;Barents;East_Murman
DZ;2004;middle;II-2;0;Barents;East_Murman
DZ;2004;middle;II-3;0;Barents;East_Murman
DZ;2004;middle;III-1;120;Barents;East_Murman
DZ;2004;middle;III-2;60;Barents;East_Murman
DZ;2004;middle;III-3;30;Barents;East_Murman
DZ;2004;middle;M-1;10;Barents;East_Murman
DZ;2004;middle;M-11;10;Barents;East_Murman
DZ;2004;middle;M-13;80;Barents;East_Murman
DZ;2004;middle;M-14;30;Barents;East_Murman
DZ;2004;middle;M-16;30;Barents;East_Murman
DZ;2004;middle;M-17;10;Barents;East_Murman
DZ;2004;middle;M-18;10;Barents;East_Murman
DZ;2004;middle;M-19;60;Barents;East_Murman
DZ;2004;middle;M-2;10;Barents;East_Murman
DZ;2004;middle;M-20;50;Barents;East_Murman
DZ;2004;middle;M-21;20;Barents;East_Murman
DZ;2004;middle;M-22;80;Barents;East_Murman
DZ;2004;middle;M-23;30;Barents;East_Murman
DZ;2004;middle;M-24;10;Barents;East_Murman
DZ;2004;middle;M-3;10;Barents;East_Murman
DZ;2004;middle;M-4;30;Barents;East_Murman
DZ;2004;middle;M-6;30;Barents;East_Murman
DZ;2004;middle;M-7;10;Barents;East_Murman
DZ;2004;middle;M-8;30;Barents;East_Murman
DZ;2004;middle;M-9;0;Barents;East_Murman
DZ;2005;middle;I-1;30;Barents;East_Murman
DZ;2005;middle;I-2;30;Barents;East_Murman
DZ;2005;middle;I-3;0;Barents;East_Murman
DZ;2005;middle;II-1;30;Barents;East_Murman
DZ;2005;middle;II-2;0;Barents;East_Murman
DZ;2005;middle;II-3;0;Barents;East_Murman
DZ;2005;middle;III-1;30;Barents;East_Murman
DZ;2005;middle;III-2;90;Barents;East_Murman
DZ;2005;middle;III-3;90;Barents;East_Murman
DZ;2005;middle;M-10;20;Barents;East_Murman
DZ;2005;middle;M-11;10;Barents;East_Murman
DZ;2005;middle;M-13;30;Barents;East_Murman
DZ;2005;middle;M-14;70;Barents;East_Murman
DZ;2005;middle;M-15;60;Barents;East_Murman
DZ;2005;middle;M-16;20;Barents;East_Murman
DZ;2005;middle;M-18;10;Barents;East_Murman
DZ;2005;middle;M-19;30;Barents;East_Murman
DZ;2005;middle;M-20;40;Barents;East_Murman
DZ;2005;middle;M-21;70;Barents;East_Murman
DZ;2005;middle;M-22;30;Barents;East_Murman
DZ;2005;middle;M-23;30;Barents;East_Murman
DZ;2005;middle;M-24;20;Barents;East_Murman
DZ;2005;middle;M-25;10;Barents;East_Murman
DZ;2005;middle;M-3;20;Barents;East_Murman
DZ;2005;middle;M-4;10;Barents;East_Murman
DZ;2005;middle;M-5;10;Barents;East_Murman
DZ;2005;middle;M-6;50;Barents;East_Murman
DZ;2005;middle;M-7;10;Barents;East_Murman
DZ;2005;middle;M-8;40;Barents;East_Murman
DZ;2005;middle;M-9;10;Barents;East_Murman
DZ;2006;middle;I-2;30;Barents;East_Murman
DZ;2006;middle;II-2;30;Barents;East_Murman
DZ;2006;middle;II-3;60;Barents;East_Murman
DZ;2006;middle;III-1;60;Barents;East_Murman
DZ;2006;middle;III-2;120;Barents;East_Murman
DZ;2006;middle;III-3;60;Barents;East_Murman
DZ;2006;middle;M-1;10;Barents;East_Murman
DZ;2006;middle;M-11;30;Barents;East_Murman
DZ;2006;middle;M-13;90;Barents;East_Murman
DZ;2006;middle;M-14;10;Barents;East_Murman
DZ;2006;middle;M-15;70;Barents;East_Murman
DZ;2006;middle;M-16;60;Barents;East_Murman
DZ;2006;middle;M-17;20;Barents;East_Murman
DZ;2006;middle;M-18;40;Barents;East_Murman
DZ;2006;middle;M-19;10;Barents;East_Murman
DZ;2006;middle;M-2;20;Barents;East_Murman
DZ;2006;middle;M-20;110;Barents;East_Murman
DZ;2006;middle;M-21;50;Barents;East_Murman
DZ;2006;middle;M-22;60;Barents;East_Murman
DZ;2006;middle;M-23;10;Barents;East_Murman
DZ;2006;middle;M-24;20;Barents;East_Murman
DZ;2006;middle;M-25;40;Barents;East_Murman
DZ;2006;middle;M-3;10;Barents;East_Murman
DZ;2006;middle;M-5;30;Barents;East_Murman
DZ;2006;middle;M-6;10;Barents;East_Murman
DZ;2006;middle;M-7;10;Barents;East_Murman
DZ;2006;middle;M-8;0;Barents;East_Murman
DZ;2006;middle;M-9;10;Barents;East_Murman
DZ;2007;middle;10m2;60;Barents;East_Murman
DZ;2007;middle;10m3;90;Barents;East_Murman
DZ;2007;middle;11m1;60;Barents;East_Murman
DZ;2007;middle;11m3;120;Barents;East_Murman
DZ;2007;middle;12m1;60;Barents;East_Murman
DZ;2007;middle;12m2;30;Barents;East_Murman
DZ;2007;middle;12m3;90;Barents;East_Murman
DZ;2007;middle;1m1;60;Barents;East_Murman
DZ;2007;middle;1m3;90;Barents;East_Murman
DZ;2007;middle;2m1;90;Barents;East_Murman
DZ;2007;middle;2m2;90;Barents;East_Murman
DZ;2007;middle;2m3;60;Barents;East_Murman
DZ;2007;middle;3m1;150;Barents;East_Murman
DZ;2007;middle;3m2;90;Barents;East_Murman
DZ;2007;middle;4m1;60;Barents;East_Murman
DZ;2007;middle;4m2;90;Barents;East_Murman
DZ;2007;middle;5m1;30;Barents;East_Murman
DZ;2007;middle;5m3;30;Barents;East_Murman
DZ;2007;middle;6m2;90;Barents;East_Murman
DZ;2007;middle;6m3;30;Barents;East_Murman
DZ;2007;middle;7m1;30;Barents;East_Murman
DZ;2007;middle;7m3;120;Barents;East_Murman
DZ;2007;middle;8m2;30;Barents;East_Murman
DZ;2007;middle;8m3;60;Barents;East_Murman
DZ;2007;middle;9m1;60;Barents;East_Murman
DZ;2007;middle;9m2;60;Barents;East_Murman
DZ;2007;middle;9m3;30;Barents;East_Murman
DZ;2007;middle;I-1;150;Barents;East_Murman
DZ;2007;middle;I-2;30;Barents;East_Murman
DZ;2007;middle;II-2;30;Barents;East_Murman
DZ;2007;middle;III-1;30;Barents;East_Murman
DZ;2007;middle;III-2;150;Barents;East_Murman
DZ;2007;middle;III-3;120;Barents;East_Murman
DZ;2008;middle;13m1;30;Barents;East_Murman
DZ;2008;middle;13m2;30;Barents;East_Murman
DZ;2008;middle;13m3;90;Barents;East_Murman
DZ;2008;middle;14m1;90;Barents;East_Murman
DZ;2008;middle;14m2;120;Barents;East_Murman
DZ;2008;middle;14m3;30;Barents;East_Murman
DZ;2008;middle;15m1;180;Barents;East_Murman
DZ;2008;middle;15m3;120;Barents;East_Murman
DZ;2008;middle;16m3;60;Barents;East_Murman
DZ;2008;middle;17m1;60;Barents;East_Murman
DZ;2008;middle;17m2;30;Barents;East_Murman
DZ;2008;middle;17m3;90;Barents;East_Murman
DZ;2008;middle;18m1;60;Barents;East_Murman
DZ;2008;middle;18m3;120;Barents;East_Murman
DZ;2008;middle;19m1;90;Barents;East_Murman
DZ;2008;middle;19m2;30;Barents;East_Murman
DZ;2008;middle;19m3;60;Barents;East_Murman
DZ;2008;middle;20m2;30;Barents;East_Murman
DZ;2008;middle;20m3;60;Barents;East_Murman
DZ;2008;middle;21m1;30;Barents;East_Murman
DZ;2008;middle;21m2;150;Barents;East_Murman
DZ;2008;middle;21m3;120;Barents;East_Murman
DZ;2008;middle;22m1;180;Barents;East_Murman
DZ;2008;middle;22m2;30;Barents;East_Murman
DZ;2008;middle;22m3;30;Barents;East_Murman
DZ;2008;middle;23m1;90;Barents;East_Murman
DZ;2008;middle;23m2;60;Barents;East_Murman
DZ;2008;middle;23m3;30;Barents;East_Murman
DZ;2008;middle;24m1;30;Barents;East_Murman
DZ;2008;middle;24m2;30;Barents;East_Murman
estuary;1992;low;me1;10;White;Luvenga
estuary;1992;low;me2;90;White;Luvenga
estuary;1992;low;me3;100;White;Luvenga
estuary;1992;low;me4;20;White;Luvenga
estuary;1992;low;me5;50;White;Luvenga
estuary;1992;low;me6;60;White;Luvenga
estuary;1993;low;me1;140;White;Luvenga
estuary;1993;low;me2;240;White;Luvenga
estuary;1993;low;me3;310;White;Luvenga
estuary;1993;low;me4;110;White;Luvenga
estuary;1993;low;me5;160;White;Luvenga
estuary;1993;low;me6;250;White;Luvenga
estuary;1994;low;me1;940;White;Luvenga
estuary;1994;low;me2;870;White;Luvenga
estuary;1994;low;me3;520;White;Luvenga
estuary;1995;low;me1;450;White;Luvenga
estuary;1995;low;me2;560;White;Luvenga
estuary;1995;low;me3;410;White;Luvenga
estuary;1996;low;me1;390;White;Luvenga
estuary;1996;low;me2;330;White;Luvenga
estuary;1996;low;me3;290;White;Luvenga
estuary;1997;low;me1;210;White;Luvenga
estuary;1997;low;me2;190;White;Luvenga
estuary;1997;low;me3;240;White;Luvenga
estuary;1998;low;me1;720;White;Luvenga
estuary;1998;low;me2;770;White;Luvenga
estuary;1998;low;me3;760;White;Luvenga
estuary;1999;low;me1;2940;White;Luvenga
estuary;1999;low;me2;2440;White;Luvenga
estuary;1999;low;me3;840;White;Luvenga
estuary;2000;low;me1;1870;White;Luvenga
estuary;2000;low;me2;1790;White;Luvenga
estuary;2000;low;me3;2080;White;Luvenga
estuary;2001;low;me1;2830;White;Luvenga
estuary;2001;low;me2;2350;White;Luvenga
estuary;2001;low;me3;2640;White;Luvenga
estuary;2002;low;me1;1810;White;Luvenga
estuary;2002;low;me2;1620;White;Luvenga
estuary;2002;low;me3;2320;White;Luvenga
estuary;2003;low;me1;2690;White;Luvenga
estuary;2003;low;me2;2010;White;Luvenga
estuary;2003;low;me3;1960;White;Luvenga
estuary;2004;low;me1;3300;White;Luvenga
estuary;2004;low;me2;3890;White;Luvenga
estuary;2004;low;me3;2800;White;Luvenga
estuary;2005;low;me1;1310;White;Luvenga
estuary;2005;low;me2;1710;White;Luvenga
estuary;2005;low;me3;1850;White;Luvenga
estuary;2006;low;me1;1180;White;Luvenga
estuary;2006;low;me2;1060;White;Luvenga
estuary;2006;low;me3;740;White;Luvenga
estuary;2007;low;1me1;2040;White;Luvenga
estuary;2007;low;1me2;1920;White;Luvenga
estuary;2007;low;1me3;3540;White;Luvenga
estuary;2007;low;2me1;1350;White;Luvenga
estuary;2007;low;2me2;3450;White;Luvenga
estuary;2007;low;2me3;2820;White;Luvenga
estuary;2007;low;3me1;1680;White;Luvenga
estuary;2007;low;3me2;1800;White;Luvenga
estuary;2007;low;3me3;4320;White;Luvenga
estuary;2008;low;me1;2340;White;Luvenga
estuary;2008;low;me2;1180;White;Luvenga
estuary;2008;low;me3;1530;White;Luvenga
estuary;2009;low;me1;1750;White;Luvenga
estuary;2009;low;me2;1680;White;Luvenga
estuary;2009;low;me3;2150;White;Luvenga
estuary;2010;low;me1;1640;White;Luvenga
estuary;2010;low;me2;2440;White;Luvenga
estuary;2010;low;me3;2090;White;Luvenga
estuary;2011;low;me11;1440;White;Luvenga
estuary;2011;low;me12;1980;White;Luvenga
estuary;2011;low;me13;1680;White;Luvenga
estuary;2011;low;me21;1740;White;Luvenga
estuary;2011;low;me22;1500;White;Luvenga
estuary;2011;low;me23;1800;White;Luvenga
estuary;2011;low;me31;1560;White;Luvenga
estuary;2011;low;me32;1440;White;Luvenga
estuary;2011;low;me33;1590;White;Luvenga
estuary;2012;low;me1;1170;White;Luvenga
estuary;2012;low;me2;1210;White;Luvenga
estuary;2012;low;me3;1130;White;Luvenga
Gavrilovo;2008;low;6;30;Barents;East_Murman
Gavrilovo;2008;low;7;60;Barents;East_Murman
Gavrilovo;2008;low;8;0;Barents;East_Murman
Gavrilovo;2008;low;9;0;Barents;East_Murman
Gavrilovo;2008;low;10;30;Barents;East_Murman
Gavrilovo;2008;middle;1;90;Barents;East_Murman
Gavrilovo;2008;middle;2;150;Barents;East_Murman
Gavrilovo;2008;middle;3;120;Barents;East_Murman
Gavrilovo;2008;middle;4;120;Barents;East_Murman
Gavrilovo;2008;middle;5;210;Barents;East_Murman
goreliy;1992;high;mg1;80;White;Luvenga
goreliy;1992;high;mg15;60;White;Luvenga
goreliy;1992;high;mg2;110;White;Luvenga
goreliy;1992;high;mg3;0;White;Luvenga
goreliy;1992;high;mg4;40;White;Luvenga
goreliy;1992;high;mg5;30;White;Luvenga
goreliy;1992;high;mg6;190;White;Luvenga
goreliy;1992;low;mg12;10;White;Luvenga
goreliy;1992;low;mg16;20;White;Luvenga
goreliy;1992;low;mg17;10;White;Luvenga
goreliy;1992;middle;mg13;110;White;Luvenga
goreliy;1992;middle;mg14;80;White;Luvenga
goreliy;1992;middle;mg7;110;White;Luvenga
goreliy;1992;middle;mg8;100;White;Luvenga
goreliy;1992;middle;mg9;140;White;Luvenga
goreliy;1992;midlow;mg10;70;White;Luvenga
goreliy;1992;midlow;mg11;30;White;Luvenga
goreliy;1993;high;mg1;90;White;Luvenga
goreliy;1993;high;mg2;150;White;Luvenga
goreliy;1993;high;mg3;190;White;Luvenga
goreliy;1993;low;mg11;130;White;Luvenga
goreliy;1993;low;mg12;10;White;Luvenga
goreliy;1993;low;mg13;150;White;Luvenga
goreliy;1993;middle;mg4;460;White;Luvenga
goreliy;1993;middle;mg5;500;White;Luvenga
goreliy;1993;middle;mg6;480;White;Luvenga
goreliy;1993;midlow;mg10;170;White;Luvenga
goreliy;1993;midlow;mg7;230;White;Luvenga
goreliy;1993;midlow;mg8;90;White;Luvenga
goreliy;1993;midlow;mg9;240;White;Luvenga
goreliy;1994;high;mg1;1220;White;Luvenga
goreliy;1994;low;mg4;390;White;Luvenga
goreliy;1994;middle;mg2;1360;White;Luvenga
goreliy;1994;midlow;mg3;1820;White;Luvenga
goreliy;1995;high;mg1;210;White;Luvenga
goreliy;1995;low;mg4;1100;White;Luvenga
goreliy;1995;middle;mg2;710;White;Luvenga
goreliy;1995;midlow;mg3;1750;White;Luvenga
goreliy;1996;high;mg1;260;White;Luvenga
goreliy;1996;low;mg4;420;White;Luvenga
goreliy;1996;middle;mg2;1440;White;Luvenga
goreliy;1996;midlow;mg3;470;White;Luvenga
goreliy;1997;high;mg1;160;White;Luvenga
goreliy;1997;low;mg4;380;White;Luvenga
goreliy;1997;middle;mg2;580;White;Luvenga
goreliy;1997;midlow;mg3;180;White;Luvenga
goreliy;1998;high;mg1;930;White;Luvenga
goreliy;1998;low;mg4;1120;White;Luvenga
goreliy;1998;middle;mg2;2400;White;Luvenga
goreliy;1998;midlow;mg3;2320;White;Luvenga
goreliy;1999;high;mg1;3160;White;Luvenga
goreliy;1999;low;mg4;3580;White;Luvenga
goreliy;1999;middle;mg2;8030;White;Luvenga
goreliy;1999;midlow;mg3;4240;White;Luvenga
goreliy;2000;high;mg1;6100;White;Luvenga
goreliy;2000;low;mg4;720;White;Luvenga
goreliy;2000;middle;mg2;4800;White;Luvenga
goreliy;2000;midlow;mg3;1350;White;Luvenga
goreliy;2001;high;mg1;3030;White;Luvenga
goreliy;2001;low;mg4;840;White;Luvenga
goreliy;2001;middle;mg2;3530;White;Luvenga
goreliy;2001;midlow;mg3;2240;White;Luvenga
goreliy;2002;high;mg1;2380;White;Luvenga
goreliy;2002;low;mg4;930;White;Luvenga
goreliy;2002;middle;mg2;2200;White;Luvenga
goreliy;2002;midlow;mg3;730;White;Luvenga
goreliy;2003;high;mg1;2110;White;Luvenga
goreliy;2003;low;mg4;1540;White;Luvenga
goreliy;2003;middle;mg2;2110;White;Luvenga
goreliy;2003;midlow;mg3;2710;White;Luvenga
goreliy;2004;high;mg1-1;2910;White;Luvenga
goreliy;2004;high;mg1-2;2760;White;Luvenga
goreliy;2004;high;mg1-3;2190;White;Luvenga
goreliy;2004;low;mg4-1;1440;White;Luvenga
goreliy;2004;low;mg4-2;1530;White;Luvenga
goreliy;2004;low;mg4-3;1650;White;Luvenga
goreliy;2004;middle;mg2-1;1740;White;Luvenga
goreliy;2004;middle;mg2-2;2040;White;Luvenga
goreliy;2004;middle;mg2-3;1320;White;Luvenga
goreliy;2004;midlow;mg3-1;690;White;Luvenga
goreliy;2004;midlow;mg3-2;1170;White;Luvenga
goreliy;2004;midlow;mg3-3;1260;White;Luvenga
goreliy;2005;high;mg1;3060;White;Luvenga
goreliy;2005;low;mg4;830;White;Luvenga
goreliy;2005;middle;mg2;2290;White;Luvenga
goreliy;2005;midlow;mg3;1350;White;Luvenga
goreliy;2006;high;mg1-1;2340;White;Luvenga
goreliy;2006;high;mg1-2;1530;White;Luvenga
goreliy;2006;high;mg1-3;2730;White;Luvenga
goreliy;2006;low;mg4-1;840;White;Luvenga
goreliy;2006;low;mg4-2;990;White;Luvenga
goreliy;2006;low;mg4-3;450;White;Luvenga
goreliy;2006;middle;mg2-1;2550;White;Luvenga
goreliy;2006;middle;mg2-2;1380;White;Luvenga
goreliy;2006;middle;mg2-3;1800;White;Luvenga
goreliy;2006;midlow;mg3-1;810;White;Luvenga
goreliy;2006;midlow;mg3-2;630;White;Luvenga
goreliy;2006;midlow;mg3-3;510;White;Luvenga
goreliy;2007;high;1mg1;1260;White;Luvenga
goreliy;2007;high;2mg1;2220;White;Luvenga
goreliy;2007;high;3mg1;2340;White;Luvenga
goreliy;2007;low;1mg4;690;White;Luvenga
goreliy;2007;low;2mg4;570;White;Luvenga
goreliy;2007;low;3mg4;720;White;Luvenga
goreliy;2007;middle;1mg2;2160;White;Luvenga
goreliy;2007;middle;2mg2;2670;White;Luvenga
goreliy;2007;middle;3mg2;1140;White;Luvenga
goreliy;2007;midlow;1mg3;150;White;Luvenga
goreliy;2007;midlow;2mg3;720;White;Luvenga
goreliy;2007;midlow;3mg3;750;White;Luvenga
goreliy;2008;high;Mg1-1;1050;White;Luvenga
goreliy;2008;high;Mg1-2;1290;White;Luvenga
goreliy;2008;high;Mg1-3;960;White;Luvenga
goreliy;2008;low;Mg4-1;750;White;Luvenga
goreliy;2008;low;Mg4-2;480;White;Luvenga
goreliy;2008;low;Mg4-3;990;White;Luvenga
goreliy;2008;middle;Mg2-1;2490;White;Luvenga
goreliy;2008;middle;Mg2-2;2850;White;Luvenga
goreliy;2008;middle;Mg2-3;2880;White;Luvenga
goreliy;2008;midlow;Mg3-1;1650;White;Luvenga
goreliy;2008;midlow;Mg3-2;270;White;Luvenga
goreliy;2008;midlow;Mg3-3;1170;White;Luvenga
goreliy;2009;high;mg1;1860;White;Luvenga
goreliy;2009;low;mg4;470;White;Luvenga
goreliy;2009;middle;mg2;1280;White;Luvenga
goreliy;2009;midlow;mg3;790;White;Luvenga
goreliy;2010;high;mg1;900;White;Luvenga
goreliy;2010;low;mg4;1140;White;Luvenga
goreliy;2010;middle;mg2;690;White;Luvenga
goreliy;2010;midlow;mg3;1330;White;Luvenga
goreliy;2011;high;Mg1-1;150;White;Luvenga
goreliy;2011;high;Mg1-2;2850;White;Luvenga
goreliy;2011;high;Mg1-3;3000;White;Luvenga
goreliy;2011;low;Mg4-1;720;White;Luvenga
goreliy;2011;low;Mg4-2;1440;White;Luvenga
goreliy;2011;low;Mg4-3;1140;White;Luvenga
goreliy;2011;middle;Mg2-1;1590;White;Luvenga
goreliy;2011;middle;Mg2-2;840;White;Luvenga
goreliy;2011;middle;Mg2-3;1200;White;Luvenga
goreliy;2011;midlow;Mg3-1;1320;White;Luvenga
goreliy;2011;midlow;Mg3-2;1470;White;Luvenga
goreliy;2011;midlow;Mg3-3;1980;White;Luvenga
goreliy;2012;high;mg1;1800;White;Luvenga
goreliy;2012;low;mg4;840;White;Luvenga
goreliy;2012;middle;mg2;1790;White;Luvenga
goreliy;2012;midlow;mg3;760;White;Luvenga
Ivanovskaya;2008;subtidal;1;1100;Barents;East_Murman
Ivanovskaya;2008;subtidal;2;1440;Barents;East_Murman
Ivanovskaya;2008;subtidal;3;1100;Barents;East_Murman
Ivanovskaya;2008;subtidal;4;1080;Barents;East_Murman
Ivanovskaya;2008;subtidal;5;1320;Barents;East_Murman
lomnishniy;2007;middle;1;570;White;North_archipelago
lomnishniy;2007;middle;2;720;White;North_archipelago
lomnishniy;2007;middle;3;270;White;North_archipelago
lomnishniy;2007;middle;4;990;White;North_archipelago
lomnishniy;2007;middle;5;330;White;North_archipelago
lomnishniy;2007;middle;6;390;White;North_archipelago
lomnishniy;2007;middle;7;330;White;North_archipelago
lomnishniy;2007;middle;8;540;White;North_archipelago
lomnishniy;2007;middle;9;810;White;North_archipelago
lomnishniy;2007;middle;10;60;White;North_archipelago
lomnishniy;2008;middle;1;1410;White;North_archipelago
lomnishniy;2008;middle;2;1800;White;North_archipelago
lomnishniy;2008;middle;3;1830;White;North_archipelago
lomnishniy;2008;middle;4;2160;White;North_archipelago
lomnishniy;2008;middle;5;450;White;North_archipelago
lomnishniy;2009;middle;1;30;White;North_archipelago
lomnishniy;2009;middle;2;90;White;North_archipelago
lomnishniy;2009;middle;3;0;White;North_archipelago
lomnishniy;2009;middle;4;60;White;North_archipelago
lomnishniy;2009;middle;5;690;White;North_archipelago
lomnishniy;2009;middle;6;1530;White;North_archipelago
lomnishniy;2009;middle;7;990;White;North_archipelago
lomnishniy;2009;middle;8;1980;White;North_archipelago
lomnishniy;2009;middle;9;1770;White;North_archipelago
lomnishniy;2009;middle;10;990;White;North_archipelago
lomnishniy;2010;middle;1;0;White;North_archipelago
lomnishniy;2010;middle;2;0;White;North_archipelago
lomnishniy;2010;middle;3;390;White;North_archipelago
lomnishniy;2010;middle;4;360;White;North_archipelago
lomnishniy;2010;middle;5;960;White;North_archipelago
lomnishniy;2010;middle;6;930;White;North_archipelago
lomnishniy;2010;middle;7;360;White;North_archipelago
lomnishniy;2010;middle;8;1680;White;North_archipelago
lomnishniy;2010;middle;9;60;White;North_archipelago
lomnishniy;2010;middle;10;660;White;North_archipelago
lomnishniy;2011;middle;1;150;White;North_archipelago
lomnishniy;2011;middle;2;690;White;North_archipelago
lomnishniy;2011;middle;3;210;White;North_archipelago
lomnishniy;2011;middle;4;360;White;North_archipelago
lomnishniy;2011;middle;5;120;White;North_archipelago
lomnishniy;2011;middle;6;1320;White;North_archipelago
lomnishniy;2011;middle;7;270;White;North_archipelago
lomnishniy;2011;middle;8;390;White;North_archipelago
lomnishniy;2011;middle;9;150;White;North_archipelago
lomnishniy;2011;middle;10;120;White;North_archipelago
lomnishniy;2012;middle;1;390;White;North_archipelago
lomnishniy;2012;middle;2;270;White;North_archipelago
lomnishniy;2012;middle;3;120;White;North_archipelago
lomnishniy;2012;middle;4;660;White;North_archipelago
lomnishniy;2012;middle;5;450;White;North_archipelago
lomnishniy;2012;middle;6;750;White;North_archipelago
lomnishniy;2012;middle;7;1050;White;North_archipelago
lomnishniy;2012;middle;8;180;White;North_archipelago
lomnishniy;2012;middle;9;690;White;North_archipelago
lomnishniy;2012;middle;10;570;White;North_archipelago
Pala;2007;middle;1;840;Barents;Kola_bay
Pala;2007;middle;2;600;Barents;Kola_bay
Pala;2007;middle;3;900;Barents;Kola_bay
Pala;2007;middle;4;810;Barents;Kola_bay
Pala;2007;middle;5;990;Barents;Kola_bay
Pala;2007;middle;6;1080;Barents;Kola_bay
Pala;2007;middle;7;1260;Barents;Kola_bay
Pala;2007;middle;8;600;Barents;Kola_bay
Pala;2007;middle;9;1380;Barents;Kola_bay
Pala;2007;middle;10;1380;Barents;Kola_bay
Pala;2007;middle;11;1170;Barents;Kola_bay
Pala;2007;middle;12;630;Barents;Kola_bay
Pala;2007;middle;13;840;Barents;Kola_bay
Pala;2007;middle;14;1350;Barents;Kola_bay
Pala;2007;middle;15;690;Barents;Kola_bay
Pala;2007;middle;16;450;Barents;Kola_bay
Pala;2008;low;1;2310;Barents;Kola_bay
Pala;2008;low;2;2190;Barents;Kola_bay
Pala;2008;low;3;1770;Barents;Kola_bay
Pala;2008;low;4;1800;Barents;Kola_bay
Pala;2008;low;5;2520;Barents;Kola_bay
Pala;2008;low;6;1290;Barents;Kola_bay
Pala;2008;low;7;990;Barents;Kola_bay
Pala;2008;low;8;1830;Barents;Kola_bay
Pala;2008;low;9;870;Barents;Kola_bay
Pala;2008;low;10;870;Barents;Kola_bay
Pala;2007-09;low;1;1200;Barents;Kola_bay
Pala;2007-09;low;2;510;Barents;Kola_bay
Pala;2007-09;low;3;1560;Barents;Kola_bay
Pala;2007-09;low;4;960;Barents;Kola_bay
Pala;2007-09;low;5;840;Barents;Kola_bay
Pala;2007-09;low;6;720;Barents;Kola_bay
Pala;2007-09;low;7;630;Barents;Kola_bay
Pala;2007-09;low;8;930;Barents;Kola_bay
Pala;2007-09;low;9;540;Barents;Kola_bay
Pala;2007-09;low;10;750;Barents;Kola_bay
Pala;2007-09;low;11;720;Barents;Kola_bay
Pala;2007-09;low;12;600;Barents;Kola_bay
Pala;2007-09;low;13;600;Barents;Kola_bay
Pala;2007-09;low;14;420;Barents;Kola_bay
Pala;2007-09;low;15;360;Barents;Kola_bay
Pala;2007-09;low;16;810;Barents;Kola_bay
Pala;2007-09;low;17;510;Barents;Kola_bay
Pala;2007-09;low;18;300;Barents;Kola_bay
Pala;2007-09;low;19;840;Barents;Kola_bay
Pala;2007-09;low;20;660;Barents;Kola_bay
Pala;2007-09;low;21;780;Barents;Kola_bay
Pala;2007-09;low;22;1350;Barents;Kola_bay
Pala;2007-09;low;23;1320;Barents;Kola_bay
Pala;2007-09;low;24;630;Barents;Kola_bay
Pala;2007-09;low;25;1260;Barents;Kola_bay
Pala;2007-09;low;26;1650;Barents;Kola_bay
Pala;2007-09;low;27;1440;Barents;Kola_bay
Pala;2007-09;low;28;630;Barents;Kola_bay
Pala;2007-09;low;29;660;Barents;Kola_bay
Pala;2007-09;low;30;1350;Barents;Kola_bay
Pala;2007-09;low;31;600;Barents;Kola_bay
Pala;2007-09;low;32;720;Barents;Kola_bay
Pala;2007-09;low;33;540;Barents;Kola_bay
Pala;2007-09;low;34;420;Barents;Kola_bay
Pala;2007-09;low;35;210;Barents;Kola_bay
Pala;2007-09;low;36;420;Barents;Kola_bay
Pala;2008-02;low;1;520;Barents;Kola_bay
Pala;2008-02;low;2;520;Barents;Kola_bay
Pala;2008-02;low;3;1360;Barents;Kola_bay
Pala;2008-02;low;4;1080;Barents;Kola_bay
Pala;2008-02;low;5;800;Barents;Kola_bay
Pala;2008-02;low;6;1140;Barents;Kola_bay
Pala;2008-02;low;7;840;Barents;Kola_bay
Pala;2008-02;low;8;820;Barents;Kola_bay
Pala;2008-02;low;9;280;Barents;Kola_bay
Pala;2008-02;low;10;1960;Barents;Kola_bay
Pala;2008-02;low;11;180;Barents;Kola_bay
Porchnikha;2007;middle;1;90;Barents;East_Murman
Porchnikha;2007;middle;2;0;Barents;East_Murman
Porchnikha;2007;middle;3;120;Barents;East_Murman
Porchnikha;2007;middle;4;90;Barents;East_Murman
Porchnikha;2007;middle;5;60;Barents;East_Murman
Porchnikha;2007;middle;6;0;Barents;East_Murman
Porchnikha;2007;middle;7;120;Barents;East_Murman
Porchnikha;2007;middle;8;30;Barents;East_Murman
Porchnikha;2007;middle;9;60;Barents;East_Murman
Porchnikha;2007;middle;10;30;Barents;East_Murman
Porchnikha;2007;middle;11;60;Barents;East_Murman
Porchnikha;2007;middle;12;150;Barents;East_Murman
Porchnikha;2007;middle;13;120;Barents;East_Murman
Porchnikha;2007;middle;14;150;Barents;East_Murman
Porchnikha;2007;middle;15;120;Barents;East_Murman
Porchnikha;2007;middle;16;30;Barents;East_Murman
Porchnikha;2007;middle;17;90;Barents;East_Murman
Porchnikha;2007;middle;18;210;Barents;East_Murman
Porchnikha;2007;middle;19;30;Barents;East_Murman
Porchnikha;2007;middle;20;30;Barents;East_Murman
Porchnikha;2007;middle;21;120;Barents;East_Murman
Porchnikha;2007;middle;22;150;Barents;East_Murman
Porchnikha;2007;middle;23;150;Barents;East_Murman
Porchnikha;2007;middle;24;60;Barents;East_Murman
Porchnikha;2007;middle;25;270;Barents;East_Murman
Porchnikha;2007;middle;26;90;Barents;East_Murman
Porchnikha;2007;middle;27;90;Barents;East_Murman
Porchnikha;2007;middle;28;0;Barents;East_Murman
Porchnikha;2007;middle;29;90;Barents;East_Murman
Porchnikha;2007;middle;30;90;Barents;East_Murman
Porchnikha;2007;middle;31;60;Barents;East_Murman
Porchnikha;2007;middle;32;30;Barents;East_Murman
Porchnikha;2008;middle;1;30;Barents;East_Murman
Porchnikha;2008;middle;2;30;Barents;East_Murman
Porchnikha;2008;middle;3;90;Barents;East_Murman
Porchnikha;2008;middle;4;90;Barents;East_Murman
Porchnikha;2008;middle;5;60;Barents;East_Murman
razrez2;1992;fucus_zone;II-10;150;White;Luvenga
razrez2;1992;fucus_zone;II-16;0;White;Luvenga
razrez2;1992;fucus_zone;II-17;0;White;Luvenga
razrez2;1992;fucus_zone;II-8;120;White;Luvenga
razrez2;1992;fucus_zone;II-9;300;White;Luvenga
razrez2;1992;high_beatch;II-1;90;White;Luvenga
razrez2;1992;high_beatch;II-13;0;White;Luvenga
razrez2;1992;high_beatch;II-14;210;White;Luvenga
razrez2;1992;high_beatch;II-15;30;White;Luvenga
razrez2;1992;high_beatch;II-18;30;White;Luvenga
razrez2;1992;high_beatch;II-2;240;White;Luvenga
razrez2;1992;high_beatch;II-3;60;White;Luvenga
razrez2;1992;low_beatch;II-19;180;White;Luvenga
razrez2;1992;low_beatch;II-5;1470;White;Luvenga
razrez2;1992;low_beatch;II-6;30;White;Luvenga
razrez2;1992;zostera_zone;II-11;0;White;Luvenga
razrez2;1992;zostera_zone;II-12;30;White;Luvenga
razrez2;1992;zostera_zone;II-20;420;White;Luvenga
razrez2;1992;zostera_zone;II-4;510;White;Luvenga
razrez2;1992;zostera_zone;II-7;150;White;Luvenga
razrez2;1993;fucus_zone;II-11;660;White;Luvenga
razrez2;1993;fucus_zone;II-14;150;White;Luvenga
razrez2;1993;fucus_zone;II-16;270;White;Luvenga
razrez2;1993;fucus_zone;II-18;30;White;Luvenga
razrez2;1993;fucus_zone;II-20;570;White;Luvenga
razrez2;1993;high_beatch;II-1;240;White;Luvenga
razrez2;1993;high_beatch;II-13;600;White;Luvenga
razrez2;1993;high_beatch;II-15;660;White;Luvenga
razrez2;1993;high_beatch;II-17;150;White;Luvenga
razrez2;1993;low_beatch;II-3;270;White;Luvenga
razrez2;1993;low_beatch;II-4;450;White;Luvenga
razrez2;1993;low_beatch;II-5;450;White;Luvenga
razrez2;1993;low_beatch;II-6;90;White;Luvenga
razrez2;1993;low_beatch;II-7;510;White;Luvenga
razrez2;1993;zostera_zone;II-10;210;White;Luvenga
razrez2;1993;zostera_zone;II-12;450;White;Luvenga
razrez2;1993;zostera_zone;II-19;540;White;Luvenga
razrez2;1993;zostera_zone;II-2;180;White;Luvenga
razrez2;1993;zostera_zone;II-8;360;White;Luvenga
razrez2;1993;zostera_zone;II-9;690;White;Luvenga
razrez2;1994;fucus_zone;II-10;690;White;Luvenga
razrez2;1994;fucus_zone;II-11;1350;White;Luvenga
razrez2;1994;fucus_zone;II-6;780;White;Luvenga
razrez2;1994;fucus_zone;II-7;1350;White;Luvenga
razrez2;1994;fucus_zone;II-8;60;White;Luvenga
razrez2;1994;fucus_zone;II-9;240;White;Luvenga
razrez2;1994;high_beatch;II-1;1080;White;Luvenga
razrez2;1994;high_beatch;II-2;570;White;Luvenga
razrez2;1994;high_beatch;II-3;330;White;Luvenga
razrez2;1994;high_beatch;II-4;0;White;Luvenga
razrez2;1994;high_beatch;II-5;330;White;Luvenga
razrez2;1994;low_beatch;II-16;840;White;Luvenga
razrez2;1994;low_beatch;II-17;1260;White;Luvenga
razrez2;1994;low_beatch;II-18;690;White;Luvenga
razrez2;1994;zostera_zone;II-12;600;White;Luvenga
razrez2;1994;zostera_zone;II-13;420;White;Luvenga
razrez2;1994;zostera_zone;II-14;810;White;Luvenga
razrez2;1994;zostera_zone;II-15;1140;White;Luvenga
razrez2;1994;zostera_zone;II-19;600;White;Luvenga
razrez2;1994;zostera_zone;II-20;1020;White;Luvenga
razrez2;1995;fucus_zone;II-10;1230;White;Luvenga
razrez2;1995;fucus_zone;II-2;1260;White;Luvenga
razrez2;1995;fucus_zone;II-4;1920;White;Luvenga
razrez2;1995;fucus_zone;II-6;1020;White;Luvenga
razrez2;1995;fucus_zone;II-9;240;White;Luvenga
razrez2;1995;high_beatch;II-1;1230;White;Luvenga
razrez2;1995;high_beatch;II-3;510;White;Luvenga
razrez2;1995;high_beatch;II-5;1350;White;Luvenga
razrez2;1995;high_beatch;II-8;540;White;Luvenga
razrez2;1995;low_beatch;II-11;720;White;Luvenga
razrez2;1995;low_beatch;II-12;990;White;Luvenga
razrez2;1995;low_beatch;II-14;570;White;Luvenga
razrez2;1995;low_beatch;II-15;780;White;Luvenga
razrez2;1995;low_beatch;II-17;1050;White;Luvenga
razrez2;1995;low_beatch;II-18;0;White;Luvenga
razrez2;1995;zostera_zone;II-13;450;White;Luvenga
razrez2;1995;zostera_zone;II-16;990;White;Luvenga
razrez2;1995;zostera_zone;II-19;450;White;Luvenga
razrez2;1995;zostera_zone;II-20;510;White;Luvenga
razrez2;1995;zostera_zone;II-7;900;White;Luvenga
razrez2;1996;fucus_zone;II-10;1020;White;Luvenga
razrez2;1996;fucus_zone;II-11;750;White;Luvenga
razrez2;1996;fucus_zone;II-12;1590;White;Luvenga
razrez2;1996;fucus_zone;II-13;780;White;Luvenga
razrez2;1996;fucus_zone;II-14;30;White;Luvenga
razrez2;1996;fucus_zone;II-18;450;White;Luvenga
razrez2;1996;high_beatch;II-15;960;White;Luvenga
razrez2;1996;high_beatch;II-16;330;White;Luvenga
razrez2;1996;high_beatch;II-17;210;White;Luvenga
razrez2;1996;high_beatch;II-19;1290;White;Luvenga
razrez2;1996;low_beatch;II-1;690;White;Luvenga
razrez2;1996;low_beatch;II-2;1170;White;Luvenga
razrez2;1996;low_beatch;II-20;930;White;Luvenga
razrez2;1996;low_beatch;II-3;780;White;Luvenga
razrez2;1996;low_beatch;II-4;870;White;Luvenga
razrez2;1996;low_beatch;II-5;780;White;Luvenga
razrez2;1996;zostera_zone;II-6;780;White;Luvenga
razrez2;1996;zostera_zone;II-7;570;White;Luvenga
razrez2;1996;zostera_zone;II-8;750;White;Luvenga
razrez2;1996;zostera_zone;II-9;480;White;Luvenga
razrez2;1997;fucus_zone;II-10;1890;White;Luvenga
razrez2;1997;fucus_zone;II-14;90;White;Luvenga
razrez2;1997;fucus_zone;II-15;900;White;Luvenga
razrez2;1997;fucus_zone;II-16;480;White;Luvenga
razrez2;1997;fucus_zone;II-19;750;White;Luvenga
razrez2;1997;fucus_zone;II-20;210;White;Luvenga
razrez2;1997;high_beatch;II-11;630;White;Luvenga
razrez2;1997;high_beatch;II-12;840;White;Luvenga
razrez2;1997;high_beatch;II-13;390;White;Luvenga
razrez2;1997;low_beatch;II-1;450;White;Luvenga
razrez2;1997;low_beatch;II-17;810;White;Luvenga
razrez2;1997;low_beatch;II-2;930;White;Luvenga
razrez2;1997;low_beatch;II-3;930;White;Luvenga
razrez2;1997;low_beatch;II-4;1140;White;Luvenga
razrez2;1997;low_beatch;II-5;1020;White;Luvenga
razrez2;1997;zostera_zone;II-18;540;White;Luvenga
razrez2;1997;zostera_zone;II-6;630;White;Luvenga
razrez2;1997;zostera_zone;II-7;960;White;Luvenga
razrez2;1997;zostera_zone;II-8;660;White;Luvenga
razrez2;1997;zostera_zone;II-9;720;White;Luvenga
razrez2;1998;fucus_zone;II-11;2010;White;Luvenga
razrez2;1998;fucus_zone;II-12;3090;White;Luvenga
razrez2;1998;fucus_zone;II-5;1380;White;Luvenga
razrez2;1998;fucus_zone;II-6;5670;White;Luvenga
razrez2;1998;fucus_zone;II-7;120;White;Luvenga
razrez2;1998;fucus_zone;II-8;4230;White;Luvenga
razrez2;1998;high_beatch;II-1;1320;White;Luvenga
razrez2;1998;high_beatch;II-2;1890;White;Luvenga
razrez2;1998;high_beatch;II-3;3960;White;Luvenga
razrez2;1998;high_beatch;II-4;1350;White;Luvenga
razrez2;1998;low_beatch;II-16;1110;White;Luvenga
razrez2;1998;low_beatch;II-17;870;White;Luvenga
razrez2;1998;low_beatch;II-18;2100;White;Luvenga
razrez2;1998;low_beatch;II-19;1080;White;Luvenga
razrez2;1998;low_beatch;II-20;750;White;Luvenga
razrez2;1998;zostera_zone;II-10;3510;White;Luvenga
razrez2;1998;zostera_zone;II-13;930;White;Luvenga
razrez2;1998;zostera_zone;II-14;2130;White;Luvenga
razrez2;1998;zostera_zone;II-15;2970;White;Luvenga
razrez2;1998;zostera_zone;II-9;2580;White;Luvenga
razrez2;1999;fucus_zone;II-12;6990;White;Luvenga
razrez2;1999;fucus_zone;II-13;1740;White;Luvenga
razrez2;1999;fucus_zone;II-14;8100;White;Luvenga
razrez2;1999;fucus_zone;II-15;1140;White;Luvenga
razrez2;1999;fucus_zone;II-16;180;White;Luvenga
razrez2;1999;fucus_zone;II-20;5220;White;Luvenga
razrez2;1999;high_beatch;II-17;18900;White;Luvenga
razrez2;1999;high_beatch;II-18;1050;White;Luvenga
razrez2;1999;high_beatch;II-19;1770;White;Luvenga
razrez2;1999;low_beatch;II-1;1110;White;Luvenga
razrez2;1999;low_beatch;II-2;2280;White;Luvenga
razrez2;1999;low_beatch;II-3;3210;White;Luvenga
razrez2;1999;low_beatch;II-4;4170;White;Luvenga
razrez2;1999;low_beatch;II-5;870;White;Luvenga
razrez2;1999;zostera_zone;II-10;3030;White;Luvenga
razrez2;1999;zostera_zone;II-11;4170;White;Luvenga
razrez2;1999;zostera_zone;II-6;960;White;Luvenga
razrez2;1999;zostera_zone;II-7;1170;White;Luvenga
razrez2;1999;zostera_zone;II-8;2160;White;Luvenga
razrez2;1999;zostera_zone;II-9;2940;White;Luvenga
razrez2;2000;fucus_zone;II-1;2400;White;Luvenga
razrez2;2000;fucus_zone;II-2;3120;White;Luvenga
razrez2;2000;fucus_zone;II-3;3600;White;Luvenga
razrez2;2000;fucus_zone;II-4;1920;White;Luvenga
razrez2;2000;high_beatch;II-14;3510;White;Luvenga
razrez2;2000;high_beatch;II-15;1770;White;Luvenga
razrez2;2000;low_beatch;II-10;2310;White;Luvenga
razrez2;2000;low_beatch;II-11;2490;White;Luvenga
razrez2;2000;low_beatch;II-12;840;White;Luvenga
razrez2;2000;low_beatch;II-9;2430;White;Luvenga
razrez2;2000;zostera_zone;II-13;1500;White;Luvenga
razrez2;2000;zostera_zone;II-5;4980;White;Luvenga
razrez2;2000;zostera_zone;II-6;3390;White;Luvenga
razrez2;2000;zostera_zone;II-7;1890;White;Luvenga
razrez2;2000;zostera_zone;II-8;1050;White;Luvenga
razrez2;2002;fucus_zone;II-5;2670;White;Luvenga
razrez2;2002;fucus_zone;II-6;3240;White;Luvenga
razrez2;2002;fucus_zone;II-7;3840;White;Luvenga
razrez2;2002;high_beatch;II-10;1020;White;Luvenga
razrez2;2002;high_beatch;II-8;900;White;Luvenga
razrez2;2002;high_beatch;II-9;2160;White;Luvenga
razrez2;2002;low_beatch;II-1;1050;White;Luvenga
razrez2;2002;low_beatch;II-2;570;White;Luvenga
razrez2;2002;zostera_zone;II-11;4320;White;Luvenga
razrez2;2002;zostera_zone;II-12;1530;White;Luvenga
razrez2;2002;zostera_zone;II-3;300;White;Luvenga
razrez2;2002;zostera_zone;II-4;3840;White;Luvenga
razrez2;2004;fucus_zone;II-1;3630;White;Luvenga
razrez2;2004;fucus_zone;II-12;1350;White;Luvenga
razrez2;2004;fucus_zone;II-2;5340;White;Luvenga
razrez2;2004;fucus_zone;II-4;2040;White;Luvenga
razrez2;2004;high_beatch;II-5;2910;White;Luvenga
razrez2;2004;high_beatch;II-6;900;White;Luvenga
razrez2;2004;high_beatch;II-7;4590;White;Luvenga
razrez2;2004;zostera_zone;II-10;1260;White;Luvenga
razrez2;2004;zostera_zone;II-11;1500;White;Luvenga
razrez2;2004;zostera_zone;II-3;1440;White;Luvenga
razrez2;2004;zostera_zone;II-8;1950;White;Luvenga
razrez2;2004;zostera_zone;II-9;2940;White;Luvenga
Shelpino;2008;high;6;60;Barents;East_Murman
Shelpino;2008;high;7;90;Barents;East_Murman
Shelpino;2008;high;8;0;Barents;East_Murman
Shelpino;2008;high;9;0;Barents;East_Murman
Shelpino;2008;high;10;30;Barents;East_Murman
Shelpino;2008;middle;1;90;Barents;East_Murman
Shelpino;2008;middle;2;60;Barents;East_Murman
Shelpino;2008;middle;3;30;Barents;East_Murman
Shelpino;2008;middle;4;30;Barents;East_Murman
Shelpino;2008;middle;5;60;Barents;East_Murman
Yarnyshnaya;2007;middle;1;120;Barents;East_Murman
Yarnyshnaya;2007;middle;2;150;Barents;East_Murman
Yarnyshnaya;2007;middle;3;90;Barents;East_Murman
Yarnyshnaya;2007;middle;4;0;Barents;East_Murman
Yarnyshnaya;2007;middle;5;90;Barents;East_Murman
Yarnyshnaya;2007;middle;6;180;Barents;East_Murman
Yarnyshnaya;2007;middle;7;60;Barents;East_Murman
Yarnyshnaya;2007;middle;8;0;Barents;East_Murman
Yarnyshnaya;2007;middle;9;30;Barents;East_Murman
Yarnyshnaya;2007;middle;10;30;Barents;East_Murman
Yarnyshnaya;2007;middle;11;30;Barents;East_Murman
Yarnyshnaya;2007;middle;12;0;Barents;East_Murman
Yarnyshnaya;2007;middle;13;180;Barents;East_Murman
Yarnyshnaya;2007;middle;14;90;Barents;East_Murman
Yarnyshnaya;2007;middle;15;0;Barents;East_Murman
Yarnyshnaya;2007;middle;16;90;Barents;East_Murman
Yarnyshnaya;2007;middle;17;30;Barents;East_Murman
Yarnyshnaya;2007;middle;18;90;Barents;East_Murman
Yarnyshnaya;2007;middle;19;60;Barents;East_Murman
Yarnyshnaya;2007;middle;20;30;Barents;East_Murman
Yarnyshnaya;2007;middle;21;30;Barents;East_Murman
Yarnyshnaya;2007;middle;22;120;Barents;East_Murman
Yarnyshnaya;2007;middle;23;0;Barents;East_Murman
Yarnyshnaya;2007;middle;24;60;Barents;East_Murman
Yarnyshnaya;2007;middle;25;60;Barents;East_Murman
Yarnyshnaya;2007;middle;26;60;Barents;East_Murman
Yarnyshnaya;2007;middle;27;210;Barents;East_Murman
Yarnyshnaya;2007;middle;28;0;Barents;East_Murman
Yarnyshnaya;2007;middle;29;90;Barents;East_Murman
Yarnyshnaya;2007;middle;30;120;Barents;East_Murman
Yarnyshnaya;2007;middle;31;150;Barents;East_Murman
Yarnyshnaya;2007;middle;32;120;Barents;East_Murman
Yarnyshnaya;2007;middle;33;60;Barents;East_Murman
Yarnyshnaya;2007;middle;34;0;Barents;East_Murman
Yarnyshnaya;2007;middle;35;60;Barents;East_Murman
Yarnyshnaya;2007;middle;36;30;Barents;East_Murman
Yarnyshnaya;2008;high;1;570;Barents;East_Murman
Yarnyshnaya;2008;high;2;330;Barents;East_Murman
Yarnyshnaya;2008;high;3;360;Barents;East_Murman
Yarnyshnaya;2008;high;4;330;Barents;East_Murman
Yarnyshnaya;2008;high;5;480;Barents;East_Murman
Yarnyshnaya;2008;low;6;300;Barents;East_Murman
Yarnyshnaya;2008;low;7;60;Barents;East_Murman
Yarnyshnaya;2008;low;8;960;Barents;East_Murman
Yarnyshnaya;2008;low;9;240;Barents;East_Murman
Yarnyshnaya;2008;low;10;240;Barents;East_Murman
YuG;2001;middle;7;1590;White;North_archipelago
YuG;2001;middle;8;300;White;North_archipelago
YuG;2001;middle;9;1650;White;North_archipelago
YuG;2001;middle;10;990;White;North_archipelago
YuG;2001;middle;11;1260;White;North_archipelago
YuG;2001;middle;12;1350;White;North_archipelago
YuG;2001;middle;13;780;White;North_archipelago
YuG;2001;middle;14;2100;White;North_archipelago
YuG;2001;middle;15;1290;White;North_archipelago
YuG;2002;middle;1;840;White;North_archipelago
YuG;2002;middle;2;30;White;North_archipelago
YuG;2002;middle;3;1320;White;North_archipelago
YuG;2002;middle;4;780;White;North_archipelago
YuG;2002;middle;5;0;White;North_archipelago
YuG;2002;middle;6;0;White;North_archipelago
YuG;2002;middle;7;360;White;North_archipelago
YuG;2002;middle;8;1440;White;North_archipelago
YuG;2002;middle;9;510;White;North_archipelago
YuG;2002;middle;10;1980;White;North_archipelago
YuG;2002;middle;11;1800;White;North_archipelago
YuG;2002;middle;12;2670;White;North_archipelago
YuG;2002;middle;13;2010;White;North_archipelago
YuG;2002;middle;14;2100;White;North_archipelago
YuG;2002;middle;15;1770;White;North_archipelago
YuG;2002;middle;16;1530;White;North_archipelago
YuG;2003;middle;1;270;White;North_archipelago
YuG;2003;middle;2;1020;White;North_archipelago
YuG;2003;middle;3;1560;White;North_archipelago
YuG;2003;middle;4;1500;White;North_archipelago
YuG;2003;middle;5;4710;White;North_archipelago
YuG;2003;middle;6;0;White;North_archipelago
YuG;2003;middle;7;3540;White;North_archipelago
YuG;2003;middle;8;2370;White;North_archipelago
YuG;2003;middle;9;3150;White;North_archipelago
YuG;2003;middle;10;1770;White;North_archipelago
YuG;2003;middle;11;720;White;North_archipelago
YuG;2003;middle;12;720;White;North_archipelago
YuG;2003;middle;13;2400;White;North_archipelago
YuG;2003;middle;14;1650;White;North_archipelago
YuG;2003;middle;15;990;White;North_archipelago
YuG;2004;middle;1;600;White;North_archipelago
YuG;2004;middle;2;240;White;North_archipelago
YuG;2004;middle;3;1200;White;North_archipelago
YuG;2004;middle;4;780;White;North_archipelago
YuG;2004;middle;5;5430;White;North_archipelago
YuG;2004;middle;6;1950;White;North_archipelago
YuG;2004;middle;7;1050;White;North_archipelago
YuG;2004;middle;8;6120;White;North_archipelago
YuG;2004;middle;9;390;White;North_archipelago
YuG;2004;middle;10;330;White;North_archipelago
YuG;2004;middle;11;1620;White;North_archipelago
YuG;2004;middle;12;480;White;North_archipelago
YuG;2004;middle;13;4680;White;North_archipelago
YuG;2005;middle;1;1230;White;North_archipelago
YuG;2005;middle;2;1860;White;North_archipelago
YuG;2005;middle;3;1080;White;North_archipelago
YuG;2005;middle;4;180;White;North_archipelago
YuG;2005;middle;5;750;White;North_archipelago
YuG;2005;middle;6;600;White;North_archipelago
YuG;2005;middle;7;270;White;North_archipelago
YuG;2005;middle;8;420;White;North_archipelago
YuG;2005;middle;9;480;White;North_archipelago
YuG;2005;middle;10;990;White;North_archipelago
YuG;2005;middle;11;1860;White;North_archipelago
YuG;2005;middle;12;600;White;North_archipelago
YuG;2005;middle;13;120;White;North_archipelago
YuG;2005;middle;14;150;White;North_archipelago
YuG;2005;middle;15;2310;White;North_archipelago
YuG;2006;middle;1;960;White;North_archipelago
YuG;2006;middle;2;120;White;North_archipelago
YuG;2006;middle;3;330;White;North_archipelago
YuG;2006;middle;4;2370;White;North_archipelago
YuG;2006;middle;5;150;White;North_archipelago
YuG;2006;middle;6;1740;White;North_archipelago
YuG;2006;middle;7;750;White;North_archipelago
YuG;2006;middle;8;90;White;North_archipelago
YuG;2006;middle;9;1050;White;North_archipelago
YuG;2006;middle;10;1110;White;North_archipelago
YuG;2006;middle;11;300;White;North_archipelago
YuG;2006;middle;12;1140;White;North_archipelago
YuG;2007;middle;1;30;White;North_archipelago
YuG;2007;middle;2;750;White;North_archipelago
YuG;2007;middle;3;390;White;North_archipelago
YuG;2007;middle;4;1470;White;North_archipelago
YuG;2007;middle;5;1710;White;North_archipelago
YuG;2007;middle;6;3090;White;North_archipelago
YuG;2007;middle;7;90;White;North_archipelago
YuG;2007;middle;8;180;White;North_archipelago
YuG;2007;middle;9;810;White;North_archipelago
YuG;2007;middle;10;870;White;North_archipelago
YuG;2007;middle;11;3480;White;North_archipelago
YuG;2007;middle;12;5310;White;North_archipelago
YuG;2007;middle;13;300;White;North_archipelago
YuG;2007;middle;14;780;White;North_archipelago
YuG;2007;middle;15;1920;White;North_archipelago
YuG;2008;middle;1;1380;White;North_archipelago
YuG;2008;middle;2;2490;White;North_archipelago
YuG;2008;middle;3;900;White;North_archipelago
YuG;2008;middle;4;270;White;North_archipelago
YuG;2008;middle;5;1080;White;North_archipelago
YuG;2008;middle;6;2040;White;North_archipelago
YuG;2008;middle;7;3390;White;North_archipelago
YuG;2008;middle;8;270;White;North_archipelago
YuG;2008;middle;9;2130;White;North_archipelago
YuG;2008;middle;10;390;White;North_archipelago
YuG;2009;middle;1;360;White;North_archipelago
YuG;2009;middle;2;1320;White;North_archipelago
YuG;2009;middle;3;660;White;North_archipelago
YuG;2009;middle;4;780;White;North_archipelago
YuG;2009;middle;5;2850;White;North_archipelago
YuG;2009;middle;6;1170;White;North_archipelago
YuG;2009;middle;7;660;White;North_archipelago
YuG;2009;middle;8;1170;White;North_archipelago
YuG;2009;middle;9;360;White;North_archipelago
YuG;2009;middle;10;1560;White;North_archipelago
YuG;2009;middle;11;180;White;North_archipelago
YuG;2009;middle;12;2400;White;North_archipelago
YuG;2009;middle;13;1680;White;North_archipelago
YuG;2009;middle;14;1260;White;North_archipelago
YuG;2009;middle;15;420;White;North_archipelago
YuG;2010;middle;1;360;White;North_archipelago
YuG;2010;middle;2;1110;White;North_archipelago
YuG;2010;middle;3;240;White;North_archipelago
YuG;2010;middle;4;780;White;North_archipelago
YuG;2010;middle;5;60;White;North_archipelago
YuG;2010;middle;6;840;White;North_archipelago
YuG;2010;middle;7;930;White;North_archipelago
YuG;2010;middle;8;660;White;North_archipelago
YuG;2010;middle;9;720;White;North_archipelago
YuG;2010;middle;10;930;White;North_archipelago
YuG;2010;middle;11;1260;White;North_archipelago
YuG;2010;middle;12;1410;White;North_archipelago
YuG;2010;middle;13;450;White;North_archipelago
YuG;2010;middle;14;90;White;North_archipelago
YuG;2010;middle;15;390;White;North_archipelago
YuG;2011;middle;1;30;White;North_archipelago
YuG;2011;middle;2;330;White;North_archipelago
YuG;2011;middle;3;180;White;North_archipelago
YuG;2011;middle;4;360;White;North_archipelago
YuG;2011;middle;5;0;White;North_archipelago
YuG;2011;middle;6;0;White;North_archipelago
YuG;2011;middle;7;300;White;North_archipelago
YuG;2011;middle;8;2250;White;North_archipelago
YuG;2011;middle;9;150;White;North_archipelago
YuG;2011;middle;10;1080;White;North_archipelago
YuG;2011;middle;11;330;White;North_archipelago
YuG;2011;middle;12;60;White;North_archipelago
YuG;2011;middle;13;270;White;North_archipelago
YuG;2011;middle;14;30;White;North_archipelago
YuG;2011;middle;15;90;White;North_archipelago
YuG;2012;middle;1;0;White;North_archipelago
YuG;2012;middle;2;480;White;North_archipelago
YuG;2012;middle;3;60;White;North_archipelago
YuG;2012;middle;4;330;White;North_archipelago
YuG;2012;middle;5;0;White;North_archipelago
YuG;2012;middle;6;210;White;North_archipelago
YuG;2012;middle;7;120;White;North_archipelago
YuG;2012;middle;8;330;White;North_archipelago
YuG;2012;middle;9;180;White;North_archipelago
YuG;2012;middle;10;270;White;North_archipelago
YuG;2012;middle;11;60;White;North_archipelago
YuG;2012;middle;12;60;White;North_archipelago
YuG;2012;middle;13;0;White;North_archipelago
YuG;2012;middle;14;30;White;North_archipelago
YuG;2012;middle;15;0;White;North_archipelago
ZRS;1994;middle;mbb1;550;White;North_archipelago
ZRS;1994;middle;mbb2;350;White;North_archipelago
ZRS;1995;middle;mbb1;480;White;North_archipelago
ZRS;1995;middle;mbb2;500;White;North_archipelago
ZRS;1996;middle;mbb1;130;White;North_archipelago
ZRS;1996;middle;mbb2;390;White;North_archipelago
ZRS;1997;middle;mbb1;130;White;North_archipelago
ZRS;1997;middle;mbb2;310;White;North_archipelago
ZRS;1998;middle;mbb1;570;White;North_archipelago
ZRS;1998;middle;mbb2;940;White;North_archipelago
ZRS;1999;middle;mbb1;9330;White;North_archipelago
ZRS;1999;middle;mbb2;7730;White;North_archipelago
ZRS;2000;middle;mbb1;2470;White;North_archipelago
ZRS;2000;middle;mbb2;3350;White;North_archipelago
ZRS;2001;middle;mbb1;2220;White;North_archipelago
ZRS;2001;middle;mbb2;2810;White;North_archipelago
ZRS;2002;middle;mbb1;2120;White;North_archipelago
ZRS;2002;middle;mbb2;3260;White;North_archipelago
ZRS;2003;middle;mbb1;1630;White;North_archipelago
ZRS;2003;middle;mbb2;2230;White;North_archipelago
ZRS;2004;middle;mbb1;2410;White;North_archipelago
ZRS;2004;middle;mbb2;2300;White;North_archipelago
ZRS;2005;middle;mbb1;1940;White;North_archipelago
ZRS;2005;middle;mbb2;1710;White;North_archipelago
ZRS;2006;middle;mbb1;630;White;North_archipelago
ZRS;2006;middle;mbb2;960;White;North_archipelago
ZRS;2007;middle;mbb1;870;White;North_archipelago
ZRS;2007;middle;mbb2;1240;White;North_archipelago
ZRS;2008;middle;mbb1;1380;White;North_archipelago
ZRS;2008;middle;mbb2;2300;White;North_archipelago
ZRS;2009;middle;mbb1;1810;White;North_archipelago
ZRS;2009;middle;mbb2;1680;White;North_archipelago
ZRS;2010;middle;mbb1;1220;White;North_archipelago
ZRS;2010;middle;mbb2;2140;White;North_archipelago
ZRS;2011;middle;mbb1;920;White;North_archipelago
ZRS;2011;middle;mbb2;1990;White;North_archipelago
ZRS;2012;middle;mbb1;570;White;North_archipelago
ZRS;2012;middle;mbb2;1250;White;North_archipelago
Abram;2005;middle;mk31;2830;Barents;Kola_bay
Abram;2005;middle;mk32;3870;Barents;Kola_bay
Nagornoe;2005;middle;mk33;480;Barents;Kola_bay
Nagornoe;2005;middle;mk34;300;Barents;Kola_bay
Retinskoe;2005;middle;mk35;960;Barents;Kola_bay
Retinskoe;2005;middle;mk36;360;Barents;Kola_bay
Ura;2005;middle;ura1;1720;Barents;West_Murman
Ura;2005;middle;ura2;730;Barents;West_Murman
Ura;2005;middle;ura3;1350;Barents;West_Murman
DZ;2008;high;1;30;Barents;East_Murman
DZ;2008;high;2;90;Barents;East_Murman
DZ;2008;high;3;60;Barents;East_Murman
DZ;2008;high;4;30;Barents;East_Murman
DZ;2008;high;5;0;Barents;East_Murman
DZ;2008;high;6;0;Barents;East_Murman
DZ;2008;high;7;30;Barents;East_Murman
DZ;2008;high;8;0;Barents;East_Murman
DZ;2008;high;9;30;Barents;East_Murman
DZ;2008;high;10;30;Barents;East_Murman
DZ;2008;low;1;30;Barents;East_Murman
DZ;2008;low;2;60;Barents;East_Murman
DZ;2008;low;3;30;Barents;East_Murman
DZ;2008;low;4;60;Barents;East_Murman
DZ;2008;low;5;30;Barents;East_Murman
Pechenga;2005;middle;1;600;Barents;West_Murman
Pechenga;2005;middle;2;1200;Barents;West_Murman
Pechenga;2005;middle;3;500;Barents;West_Murman
